{"id-57399":{"title":"Sports Wear Store","id":57399,"publish-date":1630001801,"featured-image-url":"https:\/\/websitedemos.net\/wp-content\/uploads\/2021\/08\/sports-wear-store-04-home.jpg","thumbnail-image-url":"https:\/\/websitedemos.net\/wp-content\/uploads\/2021\/08\/sports-wear-store-04-home.jpg","fullpage-thumbnail-image-url":"https:\/\/websitedemos.net\/wp-content\/uploads\/2021\/08\/sports-wear-store-04-home.jpg","astra-site-url":"\/\/websitedemos.net\/sports-wear-store-04","astra-site-parent-id":2337,"astra-sites-tag":{"2418":"commerce","1017":"e-commerce","496":"ecommerce","2419":"eshopping","2422":"online-market","732":"online-shop","2420":"online-shopping","383":"online-store","2421":"purchases","2417":"reseller","733":"shop","2416":"shopping","2344":"sports-gear","2339":"sports-wear","2345":"sports-wear-and-gear","749":"store","1024":"woocommerce"},"astra-sites-type":"agency-mini","astra-site-category":{"27":"business","38":"ecommerce"},"astra-site-page-builder":"elementor","categories":{"2495":"ecommerce"},"required-plugins":[{"slug":"elementor","init":"elementor\/elementor.php","name":"Elementor"},{"slug":"header-footer-elementor","init":"header-footer-elementor\/header-footer-elementor.php","name":"Elementor Header & Footer Builder"},{"slug":"woocommerce","init":"woocommerce\/woocommerce.php","name":"WooCommerce"},{"slug":"wpforms-lite","init":"wpforms-lite\/wpforms.php","name":"WPForms Lite"}],"pages":{"id-57403":{"title":"Top Deals","featured-image-url":"https:\/\/websitedemos.net\/wp-content\/uploads\/2021\/08\/sports-wear-store-04-top-deals.jpg","thumbnail-image-url":"https:\/\/websitedemos.net\/wp-content\/uploads\/2021\/08\/sports-wear-store-04-top-deals.jpg","astra-page-api-url":"https:\/\/websitedemos.net\/sports-wear-store-04\/wp-json\/wp\/v2\/pages\/389","dynamic-page":"no","astra-page-url":"\/\/websitedemos.net\/sports-wear-store-04\/top-deals\/","astra-sites-tag":{"2063":"sales","2338":"top-deals"},"site-pages-type":"agency-mini","site-pages-page-builder":"elementor","site-pages-category":[],"site-pages-parent-category":{"60":"business","64":"ecommerce"},"required-plugins":[{"slug":"elementor","init":"elementor\/elementor.php","name":"Elementor"}]},"id-57400":{"title":"About","featured-image-url":"https:\/\/websitedemos.net\/wp-content\/uploads\/2021\/08\/sports-wear-store-04-about.jpg","thumbnail-image-url":"https:\/\/websitedemos.net\/wp-content\/uploads\/2021\/08\/sports-wear-store-04-about.jpg","astra-page-api-url":"https:\/\/websitedemos.net\/sports-wear-store-04\/wp-json\/wp\/v2\/pages\/533","dynamic-page":"no","astra-page-url":"\/\/websitedemos.net\/sports-wear-store-04\/about\/","astra-sites-tag":{"352":"about"},"site-pages-type":"agency-mini","site-pages-page-builder":"elementor","site-pages-category":[],"site-pages-parent-category":{"60":"business","64":"ecommerce"},"required-plugins":[{"slug":"elementor","init":"elementor\/elementor.php","name":"Elementor"}]},"id-57402":{"title":"Home","featured-image-url":"https:\/\/websitedemos.net\/wp-content\/uploads\/2021\/08\/sports-wear-store-04-home.jpg","thumbnail-image-url":"https:\/\/websitedemos.net\/wp-content\/uploads\/2021\/08\/sports-wear-store-04-home.jpg","astra-page-api-url":"https:\/\/websitedemos.net\/sports-wear-store-04\/wp-json\/wp\/v2\/pages\/15","dynamic-page":"yes","astra-page-url":"\/\/websitedemos.net\/sports-wear-store-04\/","astra-sites-tag":{"423":"home"},"site-pages-type":"agency-mini","site-pages-page-builder":"elementor","site-pages-category":[],"site-pages-parent-category":{"60":"business","64":"ecommerce"},"required-plugins":[{"slug":"elementor","init":"elementor\/elementor.php","name":"Elementor"}]},"id-57401":{"title":"Contact","featured-image-url":"https:\/\/websitedemos.net\/wp-content\/uploads\/2021\/08\/sports-wear-store-04-contact.jpg","thumbnail-image-url":"https:\/\/websitedemos.net\/wp-content\/uploads\/2021\/08\/sports-wear-store-04-contact.jpg","astra-page-api-url":"https:\/\/websitedemos.net\/sports-wear-store-04\/wp-json\/wp\/v2\/pages\/658","dynamic-page":"no","astra-page-url":"\/\/websitedemos.net\/sports-wear-store-04\/contact\/","astra-sites-tag":{"415":"contact"},"site-pages-type":"agency-mini","site-pages-page-builder":"elementor","site-pages-category":[],"site-pages-parent-category":{"60":"business","64":"ecommerce"},"required-plugins":[{"slug":"elementor","init":"elementor\/elementor.php","name":"Elementor"},{"slug":"wpforms-lite","init":"wpforms-lite\/wpforms.php","name":"WPForms Lite"}]}}},"id-59032":{"title":"Psychiatrist Clinic","id":59032,"publish-date":1643646000,"featured-image-url":"https:\/\/websitedemos.net\/wp-content\/uploads\/2022\/01\/psychiatrist-clinic-04-home-page.jpg","thumbnail-image-url":"https:\/\/websitedemos.net\/wp-content\/uploads\/2022\/01\/psychiatrist-clinic-04-home-page.jpg","fullpage-thumbnail-image-url":"https:\/\/websitedemos.net\/wp-content\/uploads\/2022\/01\/psychiatrist-clinic-04-home-page.jpg","astra-site-url":"\/\/websitedemos.net\/psychiatrist-clinic-04","astra-site-parent-id":2564,"astra-sites-tag":{"2568":"clinician","608":"guidance","2566":"health-centre","621":"psychiatrist","2565":"psychiatrist-clinic","2567":"psychologist","622":"psychotherapy","2044":"therapist","619":"wellness"},"astra-sites-type":"agency-mini","astra-site-category":{"27":"business"},"astra-site-page-builder":"elementor","categories":{"2490":"healthcare"},"required-plugins":[{"slug":"elementor","init":"elementor\/elementor.php","name":"Elementor"},{"slug":"wpforms-lite","init":"wpforms-lite\/wpforms.php","name":"WPForms Lite"}],"pages":{"id-59036":{"title":"Services","featured-image-url":"https:\/\/websitedemos.net\/wp-content\/uploads\/2022\/01\/psychiatrist-clinic-04-services.jpg","thumbnail-image-url":"https:\/\/websitedemos.net\/wp-content\/uploads\/2022\/01\/psychiatrist-clinic-04-services.jpg","astra-page-api-url":"https:\/\/websitedemos.net\/psychiatrist-clinic-04\/wp-json\/wp\/v2\/pages\/13","dynamic-page":"no","astra-page-url":"\/\/websitedemos.net\/psychiatrist-clinic-04\/services\/","astra-sites-tag":{"425":"services"},"site-pages-type":"agency-mini","site-pages-page-builder":"elementor","site-pages-category":[],"site-pages-parent-category":{"60":"business"},"required-plugins":[{"slug":"elementor","init":"elementor\/elementor.php","name":"Elementor"}]},"id-59033":{"title":"About Me","featured-image-url":"https:\/\/websitedemos.net\/wp-content\/uploads\/2022\/01\/psychiatrist-clinic-04-about-me.jpg","thumbnail-image-url":"https:\/\/websitedemos.net\/wp-content\/uploads\/2022\/01\/psychiatrist-clinic-04-about-me.jpg","astra-page-api-url":"https:\/\/websitedemos.net\/psychiatrist-clinic-04\/wp-json\/wp\/v2\/pages\/11","dynamic-page":"no","astra-page-url":"\/\/websitedemos.net\/psychiatrist-clinic-04\/about-me\/","astra-sites-tag":{"352":"about"},"site-pages-type":"agency-mini","site-pages-page-builder":"elementor","site-pages-category":[],"site-pages-parent-category":{"60":"business"},"required-plugins":[{"slug":"elementor","init":"elementor\/elementor.php","name":"Elementor"},{"slug":"wpforms-lite","init":"wpforms-lite\/wpforms.php","name":"WPForms Lite"}]},"id-59034":{"title":"Contact","featured-image-url":"https:\/\/websitedemos.net\/wp-content\/uploads\/2022\/01\/psychiatrist-clinic-04-contact.jpg","thumbnail-image-url":"https:\/\/websitedemos.net\/wp-content\/uploads\/2022\/01\/psychiatrist-clinic-04-contact.jpg","astra-page-api-url":"https:\/\/websitedemos.net\/psychiatrist-clinic-04\/wp-json\/wp\/v2\/pages\/21","dynamic-page":"no","astra-page-url":"\/\/websitedemos.net\/psychiatrist-clinic-04\/contact\/","astra-sites-tag":{"415":"contact"},"site-pages-type":"agency-mini","site-pages-page-builder":"elementor","site-pages-category":[],"site-pages-parent-category":{"60":"business"},"required-plugins":[{"slug":"elementor","init":"elementor\/elementor.php","name":"Elementor"},{"slug":"wpforms-lite","init":"wpforms-lite\/wpforms.php","name":"WPForms Lite"}]},"id-59035":{"title":"Home","featured-image-url":"https:\/\/websitedemos.net\/wp-content\/uploads\/2022\/01\/psychiatrist-clinic-04-home-page.jpg","thumbnail-image-url":"https:\/\/websitedemos.net\/wp-content\/uploads\/2022\/01\/psychiatrist-clinic-04-home-page.jpg","astra-page-api-url":"https:\/\/websitedemos.net\/psychiatrist-clinic-04\/wp-json\/wp\/v2\/pages\/25","dynamic-page":"no","astra-page-url":"\/\/websitedemos.net\/psychiatrist-clinic-04\/","astra-sites-tag":{"423":"home"},"site-pages-type":"agency-mini","site-pages-page-builder":"elementor","site-pages-category":[],"site-pages-parent-category":{"60":"business"},"required-plugins":[{"slug":"elementor","init":"elementor\/elementor.php","name":"Elementor"}]}}},"id-58864":{"title":"Flute Artist","id":58864,"publish-date":1643645073,"featured-image-url":"https:\/\/websitedemos.net\/wp-content\/uploads\/2022\/01\/flute-artist-02-home.jpg","thumbnail-image-url":"https:\/\/websitedemos.net\/wp-content\/uploads\/2022\/01\/flute-artist-02-home.jpg","fullpage-thumbnail-image-url":"https:\/\/websitedemos.net\/wp-content\/uploads\/2022\/01\/flute-artist-02-home.jpg","astra-site-url":"\/\/websitedemos.net\/flute-artist-02","astra-site-parent-id":2502,"astra-sites-tag":{"339":"artist","2438":"flute-artist","2439":"flute-player","2503":"grooved","407":"music","2504":"musical-instrument-player"},"astra-sites-type":"free","astra-site-category":{"27":"business","39":"free"},"astra-site-page-builder":"elementor","categories":{"2486":"art-music","2488":"portfolio"},"required-plugins":[{"slug":"elementor","init":"elementor\/elementor.php","name":"Elementor"},{"slug":"wpforms-lite","init":"wpforms-lite\/wpforms.php","name":"WPForms Lite"}],"pages":{"id-58448":{"title":"Home","featured-image-url":"https:\/\/websitedemos.net\/wp-content\/uploads\/2022\/01\/flute-artist-02-home.jpg","thumbnail-image-url":"https:\/\/websitedemos.net\/wp-content\/uploads\/2022\/01\/flute-artist-02-home.jpg","astra-page-api-url":"https:\/\/websitedemos.net\/flute-artist-02\/wp-json\/wp\/v2\/pages\/24","dynamic-page":"no","astra-page-url":"\/\/websitedemos.net\/flute-artist-02\/","astra-sites-tag":{"423":"home"},"site-pages-type":"free","site-pages-page-builder":"elementor","site-pages-category":[],"site-pages-parent-category":{"60":"business","61":"free"},"required-plugins":[{"slug":"elementor","init":"elementor\/elementor.php","name":"Elementor"}]},"id-58445":{"title":"Biography","featured-image-url":"https:\/\/websitedemos.net\/wp-content\/uploads\/2022\/01\/flute-artist-02-biography.jpg","thumbnail-image-url":"https:\/\/websitedemos.net\/wp-content\/uploads\/2022\/01\/flute-artist-02-biography.jpg","astra-page-api-url":"https:\/\/websitedemos.net\/flute-artist-02\/wp-json\/wp\/v2\/pages\/26","dynamic-page":"no","astra-page-url":"\/\/websitedemos.net\/flute-artist-02\/biography\/","astra-sites-tag":{"1566":"biography"},"site-pages-type":"free","site-pages-page-builder":"elementor","site-pages-category":[],"site-pages-parent-category":{"60":"business","61":"free"},"required-plugins":[{"slug":"elementor","init":"elementor\/elementor.php","name":"Elementor"}]},"id-58447":{"title":"Gallery","featured-image-url":"https:\/\/websitedemos.net\/wp-content\/uploads\/2022\/01\/flute-artist-02-gallery.jpg","thumbnail-image-url":"https:\/\/websitedemos.net\/wp-content\/uploads\/2022\/01\/flute-artist-02-gallery.jpg","astra-page-api-url":"https:\/\/websitedemos.net\/flute-artist-02\/wp-json\/wp\/v2\/pages\/28","dynamic-page":"no","astra-page-url":"\/\/websitedemos.net\/flute-artist-02\/gallery\/","astra-sites-tag":{"461":"gallery"},"site-pages-type":"free","site-pages-page-builder":"elementor","site-pages-category":[],"site-pages-parent-category":{"60":"business","61":"free"},"required-plugins":[{"slug":"elementor","init":"elementor\/elementor.php","name":"Elementor"}]},"id-58446":{"title":"Contact","featured-image-url":"https:\/\/websitedemos.net\/wp-content\/uploads\/2022\/01\/flute-artist-02-contact.jpg","thumbnail-image-url":"https:\/\/websitedemos.net\/wp-content\/uploads\/2022\/01\/flute-artist-02-contact.jpg","astra-page-api-url":"https:\/\/websitedemos.net\/flute-artist-02\/wp-json\/wp\/v2\/pages\/32","dynamic-page":"no","astra-page-url":"\/\/websitedemos.net\/flute-artist-02\/contact\/","astra-sites-tag":{"415":"contact"},"site-pages-type":"free","site-pages-page-builder":"elementor","site-pages-category":[],"site-pages-parent-category":{"60":"business","61":"free"},"required-plugins":[{"slug":"elementor","init":"elementor\/elementor.php","name":"Elementor"},{"slug":"wpforms-lite","init":"wpforms-lite\/wpforms.php","name":"WPForms Lite"}]}}},"id-58999":{"title":"Wedding Invitation","id":58999,"publish-date":1643645131,"featured-image-url":"https:\/\/websitedemos.net\/wp-content\/uploads\/2022\/01\/wedding-invitation-02-home.jpg","thumbnail-image-url":"https:\/\/websitedemos.net\/wp-content\/uploads\/2022\/01\/wedding-invitation-02-home.jpg","fullpage-thumbnail-image-url":"https:\/\/websitedemos.net\/wp-content\/uploads\/2022\/01\/wedding-invitation-02-home.jpg","astra-site-url":"\/\/websitedemos.net\/wedding-invitation-02","astra-site-parent-id":2559,"astra-sites-tag":{"699":"invitation","2560":"reception-invitation","697":"wedding","1457":"wedding-invitation"},"astra-sites-type":"free","astra-site-category":{"27":"business","39":"free"},"astra-site-page-builder":"elementor","categories":{"2489":"event-invitation"},"required-plugins":[{"slug":"elementor","init":"elementor\/elementor.php","name":"Elementor"},{"slug":"wpforms-lite","init":"wpforms-lite\/wpforms.php","name":"WPForms Lite"}],"pages":{"id-59000":{"title":"Home","featured-image-url":"https:\/\/websitedemos.net\/wp-content\/uploads\/2022\/01\/wedding-invitation-02-home.jpg","thumbnail-image-url":"https:\/\/websitedemos.net\/wp-content\/uploads\/2022\/01\/wedding-invitation-02-home.jpg","astra-page-api-url":"https:\/\/websitedemos.net\/wedding-invitation-02\/wp-json\/wp\/v2\/pages\/6","dynamic-page":"no","astra-page-url":"\/\/websitedemos.net\/wedding-invitation-02\/","astra-sites-tag":{"423":"home"},"site-pages-type":"free","site-pages-page-builder":"elementor","site-pages-category":[],"site-pages-parent-category":{"60":"business","61":"free"},"required-plugins":[{"slug":"elementor","init":"elementor\/elementor.php","name":"Elementor"},{"slug":"wpforms-lite","init":"wpforms-lite\/wpforms.php","name":"WPForms Lite"}]}}},"id-49236":{"title":"Yoga Studio","id":49236,"publish-date":1608714979,"featured-image-url":"https:\/\/websitedemos.net\/wp-content\/uploads\/2020\/12\/yoga-studio-04-home.jpg","thumbnail-image-url":"https:\/\/websitedemos.net\/wp-content\/uploads\/2020\/12\/yoga-studio-04-home.jpg","fullpage-thumbnail-image-url":"https:\/\/websitedemos.net\/wp-content\/uploads\/2020\/12\/yoga-studio-04-home.jpg","astra-site-url":"\/\/websitedemos.net\/yoga-studio-04","astra-site-parent-id":1787,"astra-sites-tag":{"499":"fitness","976":"gym-instructor","395":"yoga-instructor","397":"yoga-studio","398":"yoga-trainer"},"astra-sites-type":"agency-mini","astra-site-category":{"27":"business"},"astra-site-page-builder":"elementor","categories":{"2480":"fitness-wellness"},"required-plugins":[{"slug":"elementor","init":"elementor\/elementor.php","name":"Elementor"},{"slug":"wpforms-lite","init":"wpforms-lite\/wpforms.php","name":"WPForms Lite"}],"pages":{"id-47690":{"title":"About Us","featured-image-url":"https:\/\/websitedemos.net\/wp-content\/uploads\/2020\/12\/yoga-studio-04-about.jpg","thumbnail-image-url":"https:\/\/websitedemos.net\/wp-content\/uploads\/2020\/12\/yoga-studio-04-about.jpg","astra-page-api-url":"https:\/\/websitedemos.net\/yoga-studio-04\/wp-json\/wp\/v2\/pages\/135","dynamic-page":"no","astra-page-url":"\/\/websitedemos.net\/yoga-studio-04\/about-us\/","astra-sites-tag":{"352":"about"},"site-pages-type":"agency-mini","site-pages-page-builder":"elementor","site-pages-category":[],"site-pages-parent-category":{"60":"business"},"required-plugins":[{"slug":"elementor","init":"elementor\/elementor.php","name":"Elementor"}]},"id-47693":{"title":"Home","featured-image-url":"https:\/\/websitedemos.net\/wp-content\/uploads\/2020\/12\/yoga-studio-04-home.jpg","thumbnail-image-url":"https:\/\/websitedemos.net\/wp-content\/uploads\/2020\/12\/yoga-studio-04-home.jpg","astra-page-api-url":"https:\/\/websitedemos.net\/yoga-studio-04\/wp-json\/wp\/v2\/pages\/11","dynamic-page":"no","astra-page-url":"\/\/websitedemos.net\/yoga-studio-04\/","astra-sites-tag":{"423":"home"},"site-pages-type":"agency-mini","site-pages-page-builder":"elementor","site-pages-category":[],"site-pages-parent-category":{"60":"business"},"required-plugins":[{"slug":"elementor","init":"elementor\/elementor.php","name":"Elementor"}]},"id-47691":{"title":"Classes","featured-image-url":"https:\/\/websitedemos.net\/wp-content\/uploads\/2020\/12\/yoga-studio-04-classes.jpg","thumbnail-image-url":"https:\/\/websitedemos.net\/wp-content\/uploads\/2020\/12\/yoga-studio-04-classes.jpg","astra-page-api-url":"https:\/\/websitedemos.net\/yoga-studio-04\/wp-json\/wp\/v2\/pages\/181","dynamic-page":"no","astra-page-url":"\/\/websitedemos.net\/yoga-studio-04\/classes\/","astra-sites-tag":{"557":"classes"},"site-pages-type":"agency-mini","site-pages-page-builder":"elementor","site-pages-category":[],"site-pages-parent-category":{"60":"business"},"required-plugins":[{"slug":"elementor","init":"elementor\/elementor.php","name":"Elementor"}]},"id-47694":{"title":"Testimonials","featured-image-url":"https:\/\/websitedemos.net\/wp-content\/uploads\/2020\/12\/yoga-studio-04-testimonials.jpg","thumbnail-image-url":"https:\/\/websitedemos.net\/wp-content\/uploads\/2020\/12\/yoga-studio-04-testimonials.jpg","astra-page-api-url":"https:\/\/websitedemos.net\/yoga-studio-04\/wp-json\/wp\/v2\/pages\/226","dynamic-page":"no","astra-page-url":"\/\/websitedemos.net\/yoga-studio-04\/testimonials\/","astra-sites-tag":{"433":"testimonials"},"site-pages-type":"agency-mini","site-pages-page-builder":"elementor","site-pages-category":[],"site-pages-parent-category":{"60":"business"},"required-plugins":[{"slug":"elementor","init":"elementor\/elementor.php","name":"Elementor"}]},"id-47692":{"title":"Contact Us","featured-image-url":"https:\/\/websitedemos.net\/wp-content\/uploads\/2020\/12\/yoga-studio-04-contact.jpg","thumbnail-image-url":"https:\/\/websitedemos.net\/wp-content\/uploads\/2020\/12\/yoga-studio-04-contact.jpg","astra-page-api-url":"https:\/\/websitedemos.net\/yoga-studio-04\/wp-json\/wp\/v2\/pages\/269","dynamic-page":"no","astra-page-url":"\/\/websitedemos.net\/yoga-studio-04\/contact-us\/","astra-sites-tag":{"454":"contact-us"},"site-pages-type":"agency-mini","site-pages-page-builder":"elementor","site-pages-category":[],"site-pages-parent-category":{"60":"business"},"required-plugins":[{"slug":"elementor","init":"elementor\/elementor.php","name":"Elementor"},{"slug":"wpforms-lite","init":"wpforms-lite\/wpforms.php","name":"WPForms Lite"}]}}},"id-58951":{"title":"Limousine Rental Agency","id":58951,"publish-date":1643644485,"featured-image-url":"https:\/\/websitedemos.net\/wp-content\/uploads\/2021\/10\/rental-agency-02-homepage.jpg","thumbnail-image-url":"https:\/\/websitedemos.net\/wp-content\/uploads\/2021\/10\/rental-agency-02-homepage.jpg","fullpage-thumbnail-image-url":"https:\/\/websitedemos.net\/wp-content\/uploads\/2021\/10\/rental-agency-02-homepage.jpg","astra-site-url":"\/\/websitedemos.net\/rental-agency-02","astra-site-parent-id":2536,"astra-sites-tag":{"2540":"limousine","2538":"rent-limousines","2539":"rent-services","2537":"rental-agency","2541":"sedan"},"astra-sites-type":"free","astra-site-category":{"27":"business","39":"free"},"astra-site-page-builder":"elementor","categories":{"2475":"automotive","2473":"transport"},"required-plugins":[{"slug":"elementor","init":"elementor\/elementor.php","name":"Elementor"},{"slug":"wpforms-lite","init":"wpforms-lite\/wpforms.php","name":"WPForms Lite"}],"pages":{"id-58463":{"title":"Our Fleet","featured-image-url":"https:\/\/websitedemos.net\/wp-content\/uploads\/2021\/10\/rental-agency-02-our-fleet.jpg","thumbnail-image-url":"https:\/\/websitedemos.net\/wp-content\/uploads\/2021\/10\/rental-agency-02-our-fleet.jpg","astra-page-api-url":"https:\/\/websitedemos.net\/rental-agency-02\/wp-json\/wp\/v2\/pages\/13","dynamic-page":"no","astra-page-url":"\/\/websitedemos.net\/rental-agency-02\/our-fleet\/","astra-sites-tag":{"2445":"fleet"},"site-pages-type":"free","site-pages-page-builder":"elementor","site-pages-category":[],"site-pages-parent-category":{"60":"business","61":"free"},"required-plugins":[{"slug":"elementor","init":"elementor\/elementor.php","name":"Elementor"}]},"id-58464":{"title":"Services","featured-image-url":"https:\/\/websitedemos.net\/wp-content\/uploads\/2021\/10\/rental-agency-02-services.jpg","thumbnail-image-url":"https:\/\/websitedemos.net\/wp-content\/uploads\/2021\/10\/rental-agency-02-services.jpg","astra-page-api-url":"https:\/\/websitedemos.net\/rental-agency-02\/wp-json\/wp\/v2\/pages\/11","dynamic-page":"no","astra-page-url":"\/\/websitedemos.net\/rental-agency-02\/services\/","astra-sites-tag":{"425":"services"},"site-pages-type":"free","site-pages-page-builder":"elementor","site-pages-category":[],"site-pages-parent-category":{"60":"business","61":"free"},"required-plugins":[{"slug":"elementor","init":"elementor\/elementor.php","name":"Elementor"}]},"id-58460":{"title":"About Us","featured-image-url":"https:\/\/websitedemos.net\/wp-content\/uploads\/2021\/10\/rental-agency-02-about-us.jpg","thumbnail-image-url":"https:\/\/websitedemos.net\/wp-content\/uploads\/2021\/10\/rental-agency-02-about-us.jpg","astra-page-api-url":"https:\/\/websitedemos.net\/rental-agency-02\/wp-json\/wp\/v2\/pages\/9","dynamic-page":"no","astra-page-url":"\/\/websitedemos.net\/rental-agency-02\/about-us\/","astra-sites-tag":{"352":"about"},"site-pages-type":"free","site-pages-page-builder":"elementor","site-pages-category":[],"site-pages-parent-category":{"60":"business","61":"free"},"required-plugins":[{"slug":"elementor","init":"elementor\/elementor.php","name":"Elementor"}]},"id-58461":{"title":"Contact","featured-image-url":"https:\/\/websitedemos.net\/wp-content\/uploads\/2021\/10\/rental-agency-02-contact.jpg","thumbnail-image-url":"https:\/\/websitedemos.net\/wp-content\/uploads\/2021\/10\/rental-agency-02-contact.jpg","astra-page-api-url":"https:\/\/websitedemos.net\/rental-agency-02\/wp-json\/wp\/v2\/pages\/15","dynamic-page":"no","astra-page-url":"\/\/websitedemos.net\/rental-agency-02\/contact\/","astra-sites-tag":{"415":"contact"},"site-pages-type":"free","site-pages-page-builder":"elementor","site-pages-category":[],"site-pages-parent-category":{"60":"business","61":"free"},"required-plugins":[{"slug":"elementor","init":"elementor\/elementor.php","name":"Elementor"},{"slug":"wpforms-lite","init":"wpforms-lite\/wpforms.php","name":"WPForms Lite"}]},"id-58462":{"title":"Home","featured-image-url":"https:\/\/websitedemos.net\/wp-content\/uploads\/2021\/10\/rental-agency-02-homepage.jpg","thumbnail-image-url":"https:\/\/websitedemos.net\/wp-content\/uploads\/2021\/10\/rental-agency-02-homepage.jpg","astra-page-api-url":"https:\/\/websitedemos.net\/rental-agency-02\/wp-json\/wp\/v2\/pages\/6","dynamic-page":"no","astra-page-url":"\/\/websitedemos.net\/rental-agency-02\/","astra-sites-tag":{"423":"home"},"site-pages-type":"free","site-pages-page-builder":"elementor","site-pages-category":[],"site-pages-parent-category":{"60":"business","61":"free"},"required-plugins":[{"slug":"elementor","init":"elementor\/elementor.php","name":"Elementor"}]}}},"id-58172":{"title":"Skin Cleanser Store","id":58172,"publish-date":1632244102,"featured-image-url":"https:\/\/websitedemos.net\/wp-content\/uploads\/2021\/09\/skin-cleanser-store-02-home-page.jpg","thumbnail-image-url":"https:\/\/websitedemos.net\/wp-content\/uploads\/2021\/09\/skin-cleanser-store-02-home-page.jpg","fullpage-thumbnail-image-url":"https:\/\/websitedemos.net\/wp-content\/uploads\/2021\/09\/skin-cleanser-store-02-home-page.jpg","astra-site-url":"\/\/websitedemos.net\/skin-cleanser-store-02","astra-site-parent-id":2378,"astra-sites-tag":{"2418":"commerce","1017":"e-commerce","496":"ecommerce","1817":"ecommerce-store","2419":"eshopping","2392":"online-beauty-store","2422":"online-market","732":"online-shop","2420":"online-shopping","383":"online-store","2421":"purchases","2417":"reseller","733":"shop","2416":"shopping","2391":"skin-beauty","1127":"skin-care","2380":"skin-cleanser-store","749":"store","1024":"woocommerce"},"astra-sites-type":"free","astra-site-category":{"38":"ecommerce","39":"free"},"astra-site-page-builder":"elementor","categories":{"2495":"ecommerce"},"required-plugins":[{"slug":"elementor","init":"elementor\/elementor.php","name":"Elementor"},{"slug":"header-footer-elementor","init":"header-footer-elementor\/header-footer-elementor.php","name":"Elementor Header & Footer Builder"},{"slug":"woocommerce","init":"woocommerce\/woocommerce.php","name":"WooCommerce"},{"slug":"wpforms-lite","init":"wpforms-lite\/wpforms.php","name":"WPForms Lite"}],"pages":{"id-58173":{"title":"About","featured-image-url":"https:\/\/websitedemos.net\/wp-content\/uploads\/2021\/09\/skin-cleanser-store-02-about.jpg","thumbnail-image-url":"https:\/\/websitedemos.net\/wp-content\/uploads\/2021\/09\/skin-cleanser-store-02-about.jpg","astra-page-api-url":"https:\/\/websitedemos.net\/skin-cleanser-store-02\/wp-json\/wp\/v2\/pages\/381","dynamic-page":"no","astra-page-url":"\/\/websitedemos.net\/skin-cleanser-store-02\/about\/","astra-sites-tag":{"352":"about"},"site-pages-type":"free","site-pages-page-builder":"elementor","site-pages-category":[],"site-pages-parent-category":{"64":"ecommerce","61":"free"},"required-plugins":[{"slug":"elementor","init":"elementor\/elementor.php","name":"Elementor"}]},"id-58174":{"title":"Contact","featured-image-url":"https:\/\/websitedemos.net\/wp-content\/uploads\/2021\/09\/skin-cleanser-store-02-contact.jpg","thumbnail-image-url":"https:\/\/websitedemos.net\/wp-content\/uploads\/2021\/09\/skin-cleanser-store-02-contact.jpg","astra-page-api-url":"https:\/\/websitedemos.net\/skin-cleanser-store-02\/wp-json\/wp\/v2\/pages\/559","dynamic-page":"no","astra-page-url":"\/\/websitedemos.net\/skin-cleanser-store-02\/contact\/","astra-sites-tag":{"415":"contact"},"site-pages-type":"free","site-pages-page-builder":"elementor","site-pages-category":[],"site-pages-parent-category":{"64":"ecommerce","61":"free"},"required-plugins":[{"slug":"elementor","init":"elementor\/elementor.php","name":"Elementor"},{"slug":"wpforms-lite","init":"wpforms-lite\/wpforms.php","name":"WPForms Lite"}]},"id-58175":{"title":"Home","featured-image-url":"https:\/\/websitedemos.net\/wp-content\/uploads\/2021\/09\/skin-cleanser-store-02-home-page.jpg","thumbnail-image-url":"https:\/\/websitedemos.net\/wp-content\/uploads\/2021\/09\/skin-cleanser-store-02-home-page.jpg","astra-page-api-url":"https:\/\/websitedemos.net\/skin-cleanser-store-02\/wp-json\/wp\/v2\/pages\/11","dynamic-page":"yes","astra-page-url":"\/\/websitedemos.net\/skin-cleanser-store-02\/","astra-sites-tag":{"423":"home"},"site-pages-type":"free","site-pages-page-builder":"elementor","site-pages-category":[],"site-pages-parent-category":{"64":"ecommerce","61":"free"},"required-plugins":[{"slug":"elementor","init":"elementor\/elementor.php","name":"Elementor"}]}}},"id-45564":{"title":"Personal Trainer","id":45564,"publish-date":1584532209,"featured-image-url":"https:\/\/websitedemos.net\/wp-content\/uploads\/2020\/03\/personal-trainer-04.jpg","thumbnail-image-url":"https:\/\/websitedemos.net\/wp-content\/uploads\/2020\/03\/personal-trainer-04.jpg","fullpage-thumbnail-image-url":"https:\/\/websitedemos.net\/wp-content\/uploads\/2020\/03\/personal-trainer-04.jpg","astra-site-url":"\/\/websitedemos.net\/personal-trainer-04","astra-site-parent-id":1449,"astra-sites-tag":{"499":"fitness","505":"fitness-trainer","976":"gym-instructor","504":"gym-trainer","1454":"personal-trainer","1455":"workout-trainer"},"astra-sites-type":"agency-mini","astra-site-category":{"27":"business"},"astra-site-page-builder":"elementor","categories":{"2480":"fitness-wellness"},"required-plugins":[{"slug":"elementor","init":"elementor\/elementor.php","name":"Elementor"},{"slug":"wpforms-lite","init":"wpforms-lite\/wpforms.php","name":"WPForms Lite"}],"pages":{"id-45565":{"title":"Trainer Jenny","featured-image-url":"https:\/\/websitedemos.net\/wp-content\/uploads\/2020\/03\/personal-trainer-04.jpg","thumbnail-image-url":"https:\/\/websitedemos.net\/wp-content\/uploads\/2020\/03\/personal-trainer-04.jpg","astra-page-api-url":"https:\/\/websitedemos.net\/personal-trainer-04\/wp-json\/wp\/v2\/pages\/5","dynamic-page":"no","astra-page-url":"\/\/websitedemos.net\/personal-trainer-04\/","astra-sites-tag":{"423":"home","814":"homepage","850":"landing-page","1458":"personal-trainer-home-page"},"site-pages-type":"agency-mini","site-pages-page-builder":"elementor","site-pages-category":[],"site-pages-parent-category":{"60":"business"},"required-plugins":[{"slug":"elementor","init":"elementor\/elementor.php","name":"Elementor"},{"slug":"wpforms-lite","init":"wpforms-lite\/wpforms.php","name":"WPForms Lite"}]}}},"id-45573":{"title":"Personal Trainer","id":45573,"publish-date":1584532070,"featured-image-url":"https:\/\/websitedemos.net\/wp-content\/uploads\/2020\/03\/personal-trainer-04.jpg","thumbnail-image-url":"https:\/\/websitedemos.net\/wp-content\/uploads\/2020\/03\/personal-trainer-04.jpg","fullpage-thumbnail-image-url":"https:\/\/websitedemos.net\/wp-content\/uploads\/2020\/03\/personal-trainer-04.jpg","astra-site-url":"\/\/websitedemos.net\/personal-trainer-03","astra-site-parent-id":1450,"astra-sites-tag":{"499":"fitness","505":"fitness-trainer","976":"gym-instructor","504":"gym-trainer","1454":"personal-trainer","1455":"workout-trainer"},"astra-sites-type":"agency-mini","astra-site-category":{"27":"business"},"astra-site-page-builder":"beaver-builder","categories":{"2480":"fitness-wellness"},"required-plugins":[{"slug":"beaver-builder-lite-version","init":"beaver-builder-lite-version\/fl-builder.php","name":"Beaver Builder Plugin (Lite Version)"},{"slug":"ultimate-addons-for-beaver-builder-lite","init":"ultimate-addons-for-beaver-builder-lite\/bb-ultimate-addon.php","name":"Ultimate Addons for Beaver Builder - Lite"},{"slug":"wpforms-lite","init":"wpforms-lite\/wpforms.php","name":"WPForms Lite"}],"pages":{"id-45574":{"title":"Trainer Jenny","featured-image-url":"https:\/\/websitedemos.net\/wp-content\/uploads\/2020\/03\/personal-trainer-04.jpg","thumbnail-image-url":"https:\/\/websitedemos.net\/wp-content\/uploads\/2020\/03\/personal-trainer-04.jpg","astra-page-api-url":"https:\/\/websitedemos.net\/personal-trainer-03\/wp-json\/wp\/v2\/pages\/29","dynamic-page":"no","astra-page-url":"\/\/websitedemos.net\/personal-trainer-03\/","astra-sites-tag":{"423":"home","814":"homepage","850":"landing-page","1458":"personal-trainer-home-page"},"site-pages-type":"agency-mini","site-pages-page-builder":"beaver-builder","site-pages-category":[],"site-pages-parent-category":{"60":"business"},"required-plugins":[{"slug":"beaver-builder-lite-version","init":"beaver-builder-lite-version\/fl-builder.php","name":"Beaver Builder Plugin (Lite Version)"},{"slug":"ultimate-addons-for-beaver-builder-lite","init":"ultimate-addons-for-beaver-builder-lite\/bb-ultimate-addon.php","name":"Ultimate Addons for Beaver Builder - Lite"},{"slug":"wpforms-lite","init":"wpforms-lite\/wpforms.php","name":"WPForms Lite"}]}}},"id-20859":{"title":"Simply Natural","id":20859,"publish-date":1549006228,"featured-image-url":"https:\/\/websitedemos.net\/wp-content\/uploads\/2019\/10\/plant-store-02-home.jpg","thumbnail-image-url":"https:\/\/websitedemos.net\/wp-content\/uploads\/2019\/10\/plant-store-02-home.jpg","fullpage-thumbnail-image-url":"https:\/\/websitedemos.net\/wp-content\/uploads\/2019\/10\/plant-store-02-home.jpg","astra-site-url":"\/\/websitedemos.net\/plant-store-02","astra-site-parent-id":190,"astra-sites-tag":{"2418":"commerce","1017":"e-commerce","496":"ecommerce","2419":"eshopping","2422":"online-market","2420":"online-shopping","383":"online-store","497":"plant-store","495":"plants","2421":"purchases","2417":"reseller","733":"shop","2416":"shopping","749":"store","1024":"woocommerce"},"astra-sites-type":"free","astra-site-category":{"38":"ecommerce","39":"free"},"astra-site-page-builder":"elementor","categories":{"2495":"ecommerce"},"required-plugins":[{"slug":"elementor","init":"elementor\/elementor.php","name":"Elementor"},{"slug":"woocommerce","init":"woocommerce\/woocommerce.php","name":"WooCommerce"},{"slug":"wpforms-lite","init":"wpforms-lite\/wpforms.php","name":"WPForms Lite"},{"slug":"woo-cart-abandonment-recovery","init":"woo-cart-abandonment-recovery\/woo-cart-abandonment-recovery.php","name":"WooCommerce Cart Abandonment Recovery"}],"pages":{"id-57904":{"title":"Shop","featured-image-url":"","thumbnail-image-url":"","astra-page-api-url":"https:\/\/websitedemos.net\/plant-store-02\/wp-json\/wp\/v2\/pages\/1613","dynamic-page":"no","astra-page-url":"\/\/websitedemos.net\/plant-store-02\/shop\/","astra-sites-tag":[],"site-pages-type":[],"site-pages-page-builder":"gutenberg","site-pages-category":[],"site-pages-parent-category":[],"required-plugins":""},"id-34084":{"title":"Home","featured-image-url":"https:\/\/websitedemos.net\/wp-content\/uploads\/2019\/10\/plant-store-02-home.jpg","thumbnail-image-url":"https:\/\/websitedemos.net\/wp-content\/uploads\/2019\/10\/plant-store-02-home.jpg","astra-page-api-url":"https:\/\/websitedemos.net\/plant-store-02\/wp-json\/wp\/v2\/pages\/9","dynamic-page":"yes","astra-page-url":"\/\/websitedemos.net\/plant-store-02\/","astra-sites-tag":{"423":"home"},"site-pages-type":"free","site-pages-page-builder":"elementor","site-pages-category":[],"site-pages-parent-category":{"64":"ecommerce","61":"free"},"required-plugins":[{"slug":"elementor","init":"elementor\/elementor.php","name":"Elementor"}]},"id-23955":{"title":"About Us","featured-image-url":"https:\/\/websitedemos.net\/wp-content\/uploads\/2019\/10\/plant-store-02-about.jpg","thumbnail-image-url":"https:\/\/websitedemos.net\/wp-content\/uploads\/2019\/10\/plant-store-02-about.jpg","astra-page-api-url":"https:\/\/websitedemos.net\/plant-store-02\/wp-json\/wp\/v2\/pages\/10","dynamic-page":"no","astra-page-url":"\/\/websitedemos.net\/plant-store-02\/about-us\/","astra-sites-tag":{"352":"about"},"site-pages-type":"free","site-pages-page-builder":"elementor","site-pages-category":[],"site-pages-parent-category":{"64":"ecommerce","61":"free"},"required-plugins":[{"slug":"elementor","init":"elementor\/elementor.php","name":"Elementor"}]},"id-23956":{"title":"Contact Us","featured-image-url":"https:\/\/websitedemos.net\/wp-content\/uploads\/2019\/10\/plant-store-02-contact.jpg","thumbnail-image-url":"https:\/\/websitedemos.net\/wp-content\/uploads\/2019\/10\/plant-store-02-contact.jpg","astra-page-api-url":"https:\/\/websitedemos.net\/plant-store-02\/wp-json\/wp\/v2\/pages\/12","dynamic-page":"no","astra-page-url":"\/\/websitedemos.net\/plant-store-02\/contact-us\/","astra-sites-tag":{"415":"contact"},"site-pages-type":"free","site-pages-page-builder":"elementor","site-pages-category":[],"site-pages-parent-category":{"64":"ecommerce","61":"free"},"required-plugins":[{"slug":"elementor","init":"elementor\/elementor.php","name":"Elementor"},{"slug":"wpforms-lite","init":"wpforms-lite\/wpforms.php","name":"WPForms Lite"}]}}},"id-20907":{"title":"Simply Natural","id":20907,"publish-date":1550052176,"featured-image-url":"https:\/\/websitedemos.net\/wp-content\/uploads\/2019\/10\/simply-natural-bb-home.jpg","thumbnail-image-url":"https:\/\/websitedemos.net\/wp-content\/uploads\/2019\/10\/simply-natural-bb-home.jpg","fullpage-thumbnail-image-url":"https:\/\/websitedemos.net\/wp-content\/uploads\/2019\/10\/simply-natural-bb-home.jpg","astra-site-url":"\/\/websitedemos.net\/plant-store-01","astra-site-parent-id":193,"astra-sites-tag":{"2418":"commerce","1017":"e-commerce","496":"ecommerce","2419":"eshopping","535":"nature","2422":"online-market","2420":"online-shopping","383":"online-store","497":"plant-store","495":"plants","2421":"purchases","2417":"reseller","733":"shop","2416":"shopping","749":"store","1024":"woocommerce"},"astra-sites-type":"free","astra-site-category":{"38":"ecommerce","39":"free"},"astra-site-page-builder":"beaver-builder","categories":{"2495":"ecommerce"},"required-plugins":[{"slug":"beaver-builder-lite-version","init":"beaver-builder-lite-version\/fl-builder.php","name":"Beaver Builder Plugin (Lite Version)"},{"slug":"ultimate-addons-for-beaver-builder-lite","init":"ultimate-addons-for-beaver-builder-lite\/bb-ultimate-addon.php","name":"Ultimate Addons for Beaver Builder - Lite"},{"slug":"woocommerce","init":"woocommerce\/woocommerce.php","name":"WooCommerce"},{"slug":"woo-cart-abandonment-recovery","init":"woo-cart-abandonment-recovery\/woo-cart-abandonment-recovery.php","name":"WooCommerce Cart Abandonment Recovery"},{"slug":"wpforms-lite","init":"wpforms-lite\/wpforms.php","name":"WPForms Lite"}],"pages":{"id-34086":{"title":"Home","featured-image-url":"https:\/\/websitedemos.net\/wp-content\/uploads\/2019\/10\/simply-natural-bb-home-1.jpg","thumbnail-image-url":"https:\/\/websitedemos.net\/wp-content\/uploads\/2019\/10\/simply-natural-bb-home-1.jpg","astra-page-api-url":"https:\/\/websitedemos.net\/plant-store-01\/wp-json\/wp\/v2\/pages\/9","dynamic-page":"yes","astra-page-url":"\/\/websitedemos.net\/plant-store-01\/","astra-sites-tag":{"423":"home"},"site-pages-type":"free","site-pages-page-builder":"beaver-builder","site-pages-category":[],"site-pages-parent-category":{"64":"ecommerce","61":"free"},"required-plugins":[{"slug":"beaver-builder-lite-version","init":"beaver-builder-lite-version\/fl-builder.php","name":"Beaver Builder Plugin (Lite Version)"},{"slug":"ultimate-addons-for-beaver-builder-lite","init":"ultimate-addons-for-beaver-builder-lite\/bb-ultimate-addon.php","name":"Ultimate Addons for Beaver Builder - Lite"}]},"id-23984":{"title":"About Us","featured-image-url":"https:\/\/websitedemos.net\/wp-content\/uploads\/2019\/07\/simply-natural-bb-about.jpg","thumbnail-image-url":"https:\/\/websitedemos.net\/wp-content\/uploads\/2019\/07\/simply-natural-bb-about.jpg","astra-page-api-url":"https:\/\/websitedemos.net\/plant-store-01\/wp-json\/wp\/v2\/pages\/10","dynamic-page":"no","astra-page-url":"\/\/websitedemos.net\/plant-store-01\/about-us\/","astra-sites-tag":{"352":"about"},"site-pages-type":"free","site-pages-page-builder":"beaver-builder","site-pages-category":[],"site-pages-parent-category":{"64":"ecommerce","61":"free"},"required-plugins":[{"slug":"beaver-builder-lite-version","init":"beaver-builder-lite-version\/fl-builder.php","name":"Beaver Builder Plugin (Lite Version)"},{"slug":"ultimate-addons-for-beaver-builder-lite","init":"ultimate-addons-for-beaver-builder-lite\/bb-ultimate-addon.php","name":"Ultimate Addons for Beaver Builder - Lite"}]},"id-23985":{"title":"Contact Us","featured-image-url":"https:\/\/websitedemos.net\/wp-content\/uploads\/2019\/07\/simply-natural-bb-contact.jpg","thumbnail-image-url":"https:\/\/websitedemos.net\/wp-content\/uploads\/2019\/07\/simply-natural-bb-contact.jpg","astra-page-api-url":"https:\/\/websitedemos.net\/plant-store-01\/wp-json\/wp\/v2\/pages\/12","dynamic-page":"no","astra-page-url":"\/\/websitedemos.net\/plant-store-01\/contact-us\/","astra-sites-tag":{"415":"contact","377":"get-in-touch"},"site-pages-type":"free","site-pages-page-builder":"beaver-builder","site-pages-category":[],"site-pages-parent-category":{"64":"ecommerce","61":"free"},"required-plugins":[{"slug":"beaver-builder-lite-version","init":"beaver-builder-lite-version\/fl-builder.php","name":"Beaver Builder Plugin (Lite Version)"},{"slug":"ultimate-addons-for-beaver-builder-lite","init":"ultimate-addons-for-beaver-builder-lite\/bb-ultimate-addon.php","name":"Ultimate Addons for Beaver Builder - Lite"},{"slug":"wpforms-lite","init":"wpforms-lite\/wpforms.php","name":"WPForms Lite"}]}}},"id-48431":{"title":"Simply Natural","id":48431,"publish-date":1603963839,"featured-image-url":"https:\/\/websitedemos.net\/wp-content\/uploads\/2020\/10\/plant-store-homepage-gb.jpg","thumbnail-image-url":"https:\/\/websitedemos.net\/wp-content\/uploads\/2020\/10\/plant-store-homepage-gb.jpg","fullpage-thumbnail-image-url":"https:\/\/websitedemos.net\/wp-content\/uploads\/2020\/10\/plant-store-homepage-gb.jpg","astra-site-url":"\/\/websitedemos.net\/plant-store-08","astra-site-parent-id":1732,"astra-sites-tag":{"2418":"commerce","1017":"e-commerce","496":"ecommerce","2419":"eshopping","535":"nature","2422":"online-market","2420":"online-shopping","383":"online-store","497":"plant-store","495":"plants","2421":"purchases","2417":"reseller","733":"shop","2416":"shopping","749":"store","1024":"woocommerce"},"astra-sites-type":"free","astra-site-category":{"38":"ecommerce","39":"free"},"astra-site-page-builder":"gutenberg","categories":{"2500":"multipurpose"},"required-plugins":[{"slug":"astra-widgets","init":"astra-widgets\/astra-widgets.php","name":"Astra Widgets"},{"slug":"woocommerce","init":"woocommerce\/woocommerce.php","name":"WooCommerce"},{"slug":"woo-cart-abandonment-recovery","init":"woo-cart-abandonment-recovery\/woo-cart-abandonment-recovery.php","name":"WooCommerce Cart Abandonment Recovery"},{"slug":"wpforms-lite","init":"wpforms-lite\/wpforms.php","name":"WPForms Lite"},{"slug":"ultimate-addons-for-gutenberg","init":"ultimate-addons-for-gutenberg\/ultimate-addons-for-gutenberg.php","name":"Ultimate Addons for Gutenberg"}],"pages":{"id-48432":{"title":"About Us","featured-image-url":"https:\/\/websitedemos.net\/wp-content\/uploads\/2020\/10\/plant-store-about-gb.jpg","thumbnail-image-url":"https:\/\/websitedemos.net\/wp-content\/uploads\/2020\/10\/plant-store-about-gb.jpg","astra-page-api-url":"https:\/\/websitedemos.net\/plant-store-08\/wp-json\/wp\/v2\/pages\/119","dynamic-page":"no","astra-page-url":"\/\/websitedemos.net\/plant-store-08\/about-us\/","astra-sites-tag":{"352":"about"},"site-pages-type":"free","site-pages-page-builder":"gutenberg","site-pages-category":[],"site-pages-parent-category":{"64":"ecommerce","61":"free"},"required-plugins":[]},"id-48433":{"title":"Contact Us","featured-image-url":"https:\/\/websitedemos.net\/wp-content\/uploads\/2020\/10\/plant-store-contact-gb.jpg","thumbnail-image-url":"https:\/\/websitedemos.net\/wp-content\/uploads\/2020\/10\/plant-store-contact-gb.jpg","astra-page-api-url":"https:\/\/websitedemos.net\/plant-store-08\/wp-json\/wp\/v2\/pages\/120","dynamic-page":"no","astra-page-url":"\/\/websitedemos.net\/plant-store-08\/contact-us\/","astra-sites-tag":{"415":"contact"},"site-pages-type":"free","site-pages-page-builder":"gutenberg","site-pages-category":[],"site-pages-parent-category":{"64":"ecommerce","61":"free"},"required-plugins":[{"slug":"wpforms-lite","init":"wpforms-lite\/wpforms.php","name":"WPForms Lite"}]},"id-48434":{"title":"Home","featured-image-url":"https:\/\/websitedemos.net\/wp-content\/uploads\/2020\/10\/plant-store-homepage-gb.jpg","thumbnail-image-url":"https:\/\/websitedemos.net\/wp-content\/uploads\/2020\/10\/plant-store-homepage-gb.jpg","astra-page-api-url":"https:\/\/websitedemos.net\/plant-store-08\/wp-json\/wp\/v2\/pages\/15","dynamic-page":"yes","astra-page-url":"\/\/websitedemos.net\/plant-store-08\/","astra-sites-tag":{"814":"homepage"},"site-pages-type":"free","site-pages-page-builder":"gutenberg","site-pages-category":[],"site-pages-parent-category":{"64":"ecommerce","61":"free"},"required-plugins":[]}}},"id-49340":{"title":"Baby Store","id":49340,"publish-date":1608635939,"featured-image-url":"https:\/\/websitedemos.net\/wp-content\/uploads\/2020\/12\/baby-store-04.jpg","thumbnail-image-url":"https:\/\/websitedemos.net\/wp-content\/uploads\/2020\/12\/baby-store-04.jpg","fullpage-thumbnail-image-url":"https:\/\/websitedemos.net\/wp-content\/uploads\/2020\/12\/baby-store-04.jpg","astra-site-url":"\/\/websitedemos.net\/baby-store-04","astra-site-parent-id":1813,"astra-sites-tag":{"1816":"baby-store","1818":"children-store","496":"ecommerce","1817":"ecommerce-store"},"astra-sites-type":"agency-mini","astra-site-category":{"27":"business","38":"ecommerce"},"astra-site-page-builder":"elementor","categories":{"2495":"ecommerce"},"required-plugins":[{"slug":"elementor","init":"elementor\/elementor.php","name":"Elementor"},{"slug":"woocommerce","init":"woocommerce\/woocommerce.php","name":"WooCommerce"},{"slug":"wpforms-lite","init":"wpforms-lite\/wpforms.php","name":"WPForms Lite"}],"pages":{"id-49346":{"title":"About Us","featured-image-url":"https:\/\/websitedemos.net\/wp-content\/uploads\/2020\/12\/baby-store-04-about-us.jpg","thumbnail-image-url":"https:\/\/websitedemos.net\/wp-content\/uploads\/2020\/12\/baby-store-04-about-us.jpg","astra-page-api-url":"https:\/\/websitedemos.net\/baby-store-04\/wp-json\/wp\/v2\/pages\/406","dynamic-page":"no","astra-page-url":"\/\/websitedemos.net\/baby-store-04\/about-us\/","astra-sites-tag":{"352":"about"},"site-pages-type":"agency-mini","site-pages-page-builder":"elementor","site-pages-category":[],"site-pages-parent-category":{"60":"business","64":"ecommerce"},"required-plugins":[{"slug":"elementor","init":"elementor\/elementor.php","name":"Elementor"}]},"id-49347":{"title":"Contact Us","featured-image-url":"https:\/\/websitedemos.net\/wp-content\/uploads\/2020\/12\/baby-store-04-contact-us.jpg","thumbnail-image-url":"https:\/\/websitedemos.net\/wp-content\/uploads\/2020\/12\/baby-store-04-contact-us.jpg","astra-page-api-url":"https:\/\/websitedemos.net\/baby-store-04\/wp-json\/wp\/v2\/pages\/564","dynamic-page":"no","astra-page-url":"\/\/websitedemos.net\/baby-store-04\/contact-us\/","astra-sites-tag":{"415":"contact"},"site-pages-type":"agency-mini","site-pages-page-builder":"elementor","site-pages-category":[],"site-pages-parent-category":{"60":"business","64":"ecommerce"},"required-plugins":[{"slug":"elementor","init":"elementor\/elementor.php","name":"Elementor"},{"slug":"wpforms-lite","init":"wpforms-lite\/wpforms.php","name":"WPForms Lite"}]},"id-49348":{"title":"Home","featured-image-url":"https:\/\/websitedemos.net\/wp-content\/uploads\/2020\/12\/baby-store-04.jpg","thumbnail-image-url":"https:\/\/websitedemos.net\/wp-content\/uploads\/2020\/12\/baby-store-04.jpg","astra-page-api-url":"https:\/\/websitedemos.net\/baby-store-04\/wp-json\/wp\/v2\/pages\/11","dynamic-page":"yes","astra-page-url":"\/\/websitedemos.net\/baby-store-04\/","astra-sites-tag":{"423":"home"},"site-pages-type":"agency-mini","site-pages-page-builder":"elementor","site-pages-category":[],"site-pages-parent-category":{"60":"business","64":"ecommerce"},"required-plugins":[{"slug":"elementor","init":"elementor\/elementor.php","name":"Elementor"},{"slug":"woocommerce","init":"woocommerce\/woocommerce.php","name":"WooCommerce"}]},"id-49349":{"title":"Testimonial","featured-image-url":"https:\/\/websitedemos.net\/wp-content\/uploads\/2020\/12\/baby-store-04-testimonial.jpg","thumbnail-image-url":"https:\/\/websitedemos.net\/wp-content\/uploads\/2020\/12\/baby-store-04-testimonial.jpg","astra-page-api-url":"https:\/\/websitedemos.net\/baby-store-04\/wp-json\/wp\/v2\/pages\/494","dynamic-page":"no","astra-page-url":"\/\/websitedemos.net\/baby-store-04\/testimonial\/","astra-sites-tag":{"433":"testimonials"},"site-pages-type":"agency-mini","site-pages-page-builder":"elementor","site-pages-category":[],"site-pages-parent-category":{"60":"business","64":"ecommerce"},"required-plugins":[{"slug":"elementor","init":"elementor\/elementor.php","name":"Elementor"}]}}},"id-53777":{"title":"Fashion Influencer","id":53777,"publish-date":1623424711,"featured-image-url":"https:\/\/websitedemos.net\/wp-content\/uploads\/2021\/05\/fashion-influencer-02-home.jpg","thumbnail-image-url":"https:\/\/websitedemos.net\/wp-content\/uploads\/2021\/05\/fashion-influencer-02-home.jpg","fullpage-thumbnail-image-url":"https:\/\/websitedemos.net\/wp-content\/uploads\/2021\/05\/fashion-influencer-02-home.jpg","astra-site-url":"\/\/websitedemos.net\/fashion-influencer-04","astra-site-parent-id":2021,"astra-sites-tag":{"1652":"blogger","1654":"content-creator","2164":"fashion-blogger","2161":"fashion-influencer","1547":"influencer","2162":"lifestyle-blogger","2166":"luxury-influencer","2163":"social-media-influencer","2165":"style-influencer"},"astra-sites-type":"agency-mini","astra-site-category":{"37":"blog"},"astra-site-page-builder":"elementor","categories":{"2497":"blog"},"required-plugins":[{"slug":"elementor","init":"elementor\/elementor.php","name":"Elementor"},{"slug":"wpforms-lite","init":"wpforms-lite\/wpforms.php","name":"WPForms Lite"}],"pages":{"id-53778":{"title":"About Me","featured-image-url":"https:\/\/websitedemos.net\/wp-content\/uploads\/2021\/05\/fashion-influencer-02-about.jpg","thumbnail-image-url":"https:\/\/websitedemos.net\/wp-content\/uploads\/2021\/05\/fashion-influencer-02-about.jpg","astra-page-api-url":"https:\/\/websitedemos.net\/fashion-influencer-04\/wp-json\/wp\/v2\/pages\/670","dynamic-page":"no","astra-page-url":"\/\/websitedemos.net\/fashion-influencer-04\/about-me\/","astra-sites-tag":{"352":"about"},"site-pages-type":"agency-mini","site-pages-page-builder":"elementor","site-pages-category":[],"site-pages-parent-category":{"74":"blog"},"required-plugins":[{"slug":"elementor","init":"elementor\/elementor.php","name":"Elementor"}]},"id-53779":{"title":"Contact","featured-image-url":"https:\/\/websitedemos.net\/wp-content\/uploads\/2021\/05\/fashion-influencer-02-contact.jpg","thumbnail-image-url":"https:\/\/websitedemos.net\/wp-content\/uploads\/2021\/05\/fashion-influencer-02-contact.jpg","astra-page-api-url":"https:\/\/websitedemos.net\/fashion-influencer-04\/wp-json\/wp\/v2\/pages\/731","dynamic-page":"no","astra-page-url":"\/\/websitedemos.net\/fashion-influencer-04\/contact\/","astra-sites-tag":{"415":"contact"},"site-pages-type":"agency-mini","site-pages-page-builder":"elementor","site-pages-category":[],"site-pages-parent-category":{"74":"blog"},"required-plugins":[{"slug":"elementor","init":"elementor\/elementor.php","name":"Elementor"},{"slug":"wpforms-lite","init":"wpforms-lite\/wpforms.php","name":"WPForms Lite"}]},"id-53780":{"title":"Fashion Tips","featured-image-url":"https:\/\/websitedemos.net\/wp-content\/uploads\/2021\/05\/fashion-influencer-02-fashion-tips.jpg","thumbnail-image-url":"https:\/\/websitedemos.net\/wp-content\/uploads\/2021\/05\/fashion-influencer-02-fashion-tips.jpg","astra-page-api-url":"https:\/\/websitedemos.net\/fashion-influencer-04\/wp-json\/wp\/v2\/pages\/805","dynamic-page":"no","astra-page-url":"\/\/websitedemos.net\/fashion-influencer-04\/fashion-tips\/","astra-sites-tag":{"480":"blog","482":"fashion","2022":"tips"},"site-pages-type":"agency-mini","site-pages-page-builder":"elementor","site-pages-category":[],"site-pages-parent-category":{"74":"blog"},"required-plugins":[{"slug":"elementor","init":"elementor\/elementor.php","name":"Elementor"}]},"id-53781":{"title":"Home","featured-image-url":"https:\/\/websitedemos.net\/wp-content\/uploads\/2021\/05\/fashion-influencer-02-home.jpg","thumbnail-image-url":"https:\/\/websitedemos.net\/wp-content\/uploads\/2021\/05\/fashion-influencer-02-home.jpg","astra-page-api-url":"https:\/\/websitedemos.net\/fashion-influencer-04\/wp-json\/wp\/v2\/pages\/28","dynamic-page":"no","astra-page-url":"\/\/websitedemos.net\/fashion-influencer-04\/","astra-sites-tag":{"423":"home"},"site-pages-type":"agency-mini","site-pages-page-builder":"elementor","site-pages-category":[],"site-pages-parent-category":{"74":"blog"},"required-plugins":[{"slug":"elementor","init":"elementor\/elementor.php","name":"Elementor"},{"slug":"wpforms-lite","init":"wpforms-lite\/wpforms.php","name":"WPForms Lite"}]},"id-53782":{"title":"Lookbook","featured-image-url":"https:\/\/websitedemos.net\/wp-content\/uploads\/2021\/05\/fashion-influencer-02-lookbook.jpg","thumbnail-image-url":"https:\/\/websitedemos.net\/wp-content\/uploads\/2021\/05\/fashion-influencer-02-lookbook.jpg","astra-page-api-url":"https:\/\/websitedemos.net\/fashion-influencer-04\/wp-json\/wp\/v2\/pages\/613","dynamic-page":"no","astra-page-url":"\/\/websitedemos.net\/fashion-influencer-04\/lookbook\/","astra-sites-tag":{"752":"lookbook"},"site-pages-type":"agency-mini","site-pages-page-builder":"elementor","site-pages-category":[],"site-pages-parent-category":{"74":"blog"},"required-plugins":[{"slug":"elementor","init":"elementor\/elementor.php","name":"Elementor"}]},"id-53783":{"title":"Shoots","featured-image-url":"https:\/\/websitedemos.net\/wp-content\/uploads\/2021\/05\/fashion-influencer-02-shoots.jpg","thumbnail-image-url":"https:\/\/websitedemos.net\/wp-content\/uploads\/2021\/05\/fashion-influencer-02-shoots.jpg","astra-page-api-url":"https:\/\/websitedemos.net\/fashion-influencer-04\/wp-json\/wp\/v2\/pages\/445","dynamic-page":"no","astra-page-url":"\/\/websitedemos.net\/fashion-influencer-04\/shoots\/","astra-sites-tag":{"2023":"shoots","2001":"videos"},"site-pages-type":"agency-mini","site-pages-page-builder":"elementor","site-pages-category":[],"site-pages-parent-category":{"74":"blog"},"required-plugins":[{"slug":"elementor","init":"elementor\/elementor.php","name":"Elementor"}]}}},"id-55741":{"title":"Fashion Influencer","id":55741,"publish-date":1624910284,"featured-image-url":"https:\/\/websitedemos.net\/wp-content\/uploads\/2021\/06\/fashion-influencer-homepage-bb.jpg","thumbnail-image-url":"https:\/\/websitedemos.net\/wp-content\/uploads\/2021\/06\/fashion-influencer-homepage-bb.jpg","fullpage-thumbnail-image-url":"https:\/\/websitedemos.net\/wp-content\/uploads\/2021\/06\/fashion-influencer-homepage-bb.jpg","astra-site-url":"\/\/websitedemos.net\/fashion-influencer-03","astra-site-parent-id":2205,"astra-sites-tag":{"1652":"blogger","1654":"content-creator","2164":"fashion-blogger","2161":"fashion-influencer","1547":"influencer","2162":"lifestyle-blogger","2166":"luxury-influencer","2163":"social-media-influencer","2165":"style-influencer"},"astra-sites-type":"agency-mini","astra-site-category":{"37":"blog"},"astra-site-page-builder":"beaver-builder","categories":{"2497":"blog"},"required-plugins":[{"slug":"beaver-builder-lite-version","init":"beaver-builder-lite-version\/fl-builder.php","name":"Beaver Builder Plugin (Lite Version)"},{"slug":"bb-ultimate-addon","init":"bb-ultimate-addon\/bb-ultimate-addon.php","name":"Ultimate Addons for Beaver Builder"},{"slug":"wpforms-lite","init":"wpforms-lite\/wpforms.php","name":"WPForms Lite"}],"pages":{"id-55742":{"title":"About Me","featured-image-url":"https:\/\/websitedemos.net\/wp-content\/uploads\/2021\/06\/fashion-influencer-about-bb.jpg","thumbnail-image-url":"https:\/\/websitedemos.net\/wp-content\/uploads\/2021\/06\/fashion-influencer-about-bb.jpg","astra-page-api-url":"https:\/\/websitedemos.net\/fashion-influencer-03\/wp-json\/wp\/v2\/pages\/1046","dynamic-page":"no","astra-page-url":"\/\/websitedemos.net\/fashion-influencer-03\/about-me\/","astra-sites-tag":{"352":"about"},"site-pages-type":"agency-mini","site-pages-page-builder":"beaver-builder","site-pages-category":[],"site-pages-parent-category":{"74":"blog"},"required-plugins":[{"slug":"beaver-builder-lite-version","init":"beaver-builder-lite-version\/fl-builder.php","name":"Beaver Builder Plugin (Lite Version)"},{"slug":"bb-ultimate-addon","init":"bb-ultimate-addon\/bb-ultimate-addon.php","name":"Ultimate Addons for Beaver Builder"}]},"id-55743":{"title":"Contact","featured-image-url":"https:\/\/websitedemos.net\/wp-content\/uploads\/2021\/06\/fashion-influencer-contact-bb.jpg","thumbnail-image-url":"https:\/\/websitedemos.net\/wp-content\/uploads\/2021\/06\/fashion-influencer-contact-bb.jpg","astra-page-api-url":"https:\/\/websitedemos.net\/fashion-influencer-03\/wp-json\/wp\/v2\/pages\/1051","dynamic-page":"no","astra-page-url":"\/\/websitedemos.net\/fashion-influencer-03\/contact\/","astra-sites-tag":{"415":"contact"},"site-pages-type":"agency-mini","site-pages-page-builder":"beaver-builder","site-pages-category":[],"site-pages-parent-category":{"74":"blog"},"required-plugins":[{"slug":"beaver-builder-lite-version","init":"beaver-builder-lite-version\/fl-builder.php","name":"Beaver Builder Plugin (Lite Version)"},{"slug":"bb-ultimate-addon","init":"bb-ultimate-addon\/bb-ultimate-addon.php","name":"Ultimate Addons for Beaver Builder"},{"slug":"wpforms-lite","init":"wpforms-lite\/wpforms.php","name":"WPForms Lite"}]},"id-55745":{"title":"Home","featured-image-url":"https:\/\/websitedemos.net\/wp-content\/uploads\/2021\/06\/fashion-influencer-homepage-bb.jpg","thumbnail-image-url":"https:\/\/websitedemos.net\/wp-content\/uploads\/2021\/06\/fashion-influencer-homepage-bb.jpg","astra-page-api-url":"https:\/\/websitedemos.net\/fashion-influencer-03\/wp-json\/wp\/v2\/pages\/1019","dynamic-page":"no","astra-page-url":"\/\/websitedemos.net\/fashion-influencer-03\/","astra-sites-tag":{"814":"homepage"},"site-pages-type":"agency-mini","site-pages-page-builder":"beaver-builder","site-pages-category":[],"site-pages-parent-category":{"74":"blog"},"required-plugins":[{"slug":"beaver-builder-lite-version","init":"beaver-builder-lite-version\/fl-builder.php","name":"Beaver Builder Plugin (Lite Version)"},{"slug":"bb-ultimate-addon","init":"bb-ultimate-addon\/bb-ultimate-addon.php","name":"Ultimate Addons for Beaver Builder"},{"slug":"wpforms-lite","init":"wpforms-lite\/wpforms.php","name":"WPForms Lite"}]},"id-55746":{"title":"Lookbook","featured-image-url":"https:\/\/websitedemos.net\/wp-content\/uploads\/2021\/06\/fashion-influencer-lookbook-bb.jpg","thumbnail-image-url":"https:\/\/websitedemos.net\/wp-content\/uploads\/2021\/06\/fashion-influencer-lookbook-bb.jpg","astra-page-api-url":"https:\/\/websitedemos.net\/fashion-influencer-03\/wp-json\/wp\/v2\/pages\/1038","dynamic-page":"no","astra-page-url":"\/\/websitedemos.net\/fashion-influencer-03\/lookbook\/","astra-sites-tag":{"752":"lookbook"},"site-pages-type":"agency-mini","site-pages-page-builder":"beaver-builder","site-pages-category":[],"site-pages-parent-category":{"74":"blog"},"required-plugins":[{"slug":"beaver-builder-lite-version","init":"beaver-builder-lite-version\/fl-builder.php","name":"Beaver Builder Plugin (Lite Version)"},{"slug":"bb-ultimate-addon","init":"bb-ultimate-addon\/bb-ultimate-addon.php","name":"Ultimate Addons for Beaver Builder"}]},"id-55747":{"title":"Shoots","featured-image-url":"https:\/\/websitedemos.net\/wp-content\/uploads\/2021\/06\/fashion-influencer-shoots-bb.jpg","thumbnail-image-url":"https:\/\/websitedemos.net\/wp-content\/uploads\/2021\/06\/fashion-influencer-shoots-bb.jpg","astra-page-api-url":"https:\/\/websitedemos.net\/fashion-influencer-03\/wp-json\/wp\/v2\/pages\/1031","dynamic-page":"no","astra-page-url":"\/\/websitedemos.net\/fashion-influencer-03\/shoots\/","astra-sites-tag":{"2023":"shoots"},"site-pages-type":"agency-mini","site-pages-page-builder":"beaver-builder","site-pages-category":[],"site-pages-parent-category":{"74":"blog"},"required-plugins":[{"slug":"beaver-builder-lite-version","init":"beaver-builder-lite-version\/fl-builder.php","name":"Beaver Builder Plugin (Lite Version)"},{"slug":"bb-ultimate-addon","init":"bb-ultimate-addon\/bb-ultimate-addon.php","name":"Ultimate Addons for Beaver Builder"}]}}}}