{"id-49829":{"title":"Learn Baking","id":49829,"publish-date":1612559280,"featured-image-url":"https:\/\/websitedemos.net\/wp-content\/uploads\/2021\/02\/learn-baking-02-homepage.jpg","thumbnail-image-url":"https:\/\/websitedemos.net\/wp-content\/uploads\/2021\/02\/learn-baking-02-homepage.jpg","fullpage-thumbnail-image-url":"https:\/\/websitedemos.net\/wp-content\/uploads\/2021\/02\/learn-baking-02-homepage.jpg","astra-site-url":"\/\/websitedemos.net\/learn-baking-02","astra-site-parent-id":1856,"astra-sites-tag":{"1857":"baking","462":"courses","467":"learndash","975":"online-learning","720":"tutorials"},"astra-sites-type":"free","astra-site-category":{"27":"business","39":"free"},"astra-site-page-builder":"elementor","categories":{"2494":"elearning"},"required-plugins":[{"slug":"elementor","init":"elementor\/elementor.php","name":"Elementor"},{"slug":"header-footer-elementor","init":"header-footer-elementor\/header-footer-elementor.php","name":"Elementor Header & Footer Builder"},{"slug":"sfwd-lms","init":"sfwd-lms\/sfwd_lms.php","name":"LearnDash LMS"},{"slug":"learndash-course-grid","init":"learndash-course-grid\/learndash_course_grid.php","name":"LearnDash LMS - Course Grid"},{"slug":"wpforms-lite","init":"wpforms-lite\/wpforms.php","name":"WPForms Lite"},{"slug":"ultimate-addons-for-gutenberg","init":"ultimate-addons-for-gutenberg\/ultimate-addons-for-gutenberg.php","name":"Ultimate Addons for Gutenberg"},{"slug":"presto-player","init":"presto-player\/presto-player.php","name":"Presto Player"}],"pages":{"id-49830":{"title":"About","featured-image-url":"https:\/\/websitedemos.net\/wp-content\/uploads\/2021\/02\/learn-baking-02-about.jpg","thumbnail-image-url":"https:\/\/websitedemos.net\/wp-content\/uploads\/2021\/02\/learn-baking-02-about.jpg","astra-page-api-url":"https:\/\/websitedemos.net\/learn-baking-02\/wp-json\/wp\/v2\/pages\/481","dynamic-page":"no","astra-page-url":"\/\/websitedemos.net\/learn-baking-02\/about\/","astra-sites-tag":{"352":"about"},"site-pages-type":"free","site-pages-page-builder":"elementor","site-pages-category":[],"site-pages-parent-category":{"60":"business","61":"free"},"required-plugins":[{"slug":"elementor","init":"elementor\/elementor.php","name":"Elementor"}]},"id-49831":{"title":"All Courses","featured-image-url":"https:\/\/websitedemos.net\/wp-content\/uploads\/2021\/02\/learn-baking-02-all-courses.jpg","thumbnail-image-url":"https:\/\/websitedemos.net\/wp-content\/uploads\/2021\/02\/learn-baking-02-all-courses.jpg","astra-page-api-url":"https:\/\/websitedemos.net\/learn-baking-02\/wp-json\/wp\/v2\/pages\/836","dynamic-page":"yes","astra-page-url":"\/\/websitedemos.net\/learn-baking-02\/all-courses\/","astra-sites-tag":{"462":"courses"},"site-pages-type":"free","site-pages-page-builder":"elementor","site-pages-category":[],"site-pages-parent-category":{"60":"business","61":"free"},"required-plugins":[{"slug":"elementor","init":"elementor\/elementor.php","name":"Elementor"}]},"id-49832":{"title":"Blog","featured-image-url":"https:\/\/websitedemos.net\/wp-content\/uploads\/2021\/02\/learn-baking-02-blog.jpg","thumbnail-image-url":"https:\/\/websitedemos.net\/wp-content\/uploads\/2021\/02\/learn-baking-02-blog.jpg","astra-page-api-url":"https:\/\/websitedemos.net\/learn-baking-02\/wp-json\/wp\/v2\/pages\/719","dynamic-page":"no","astra-page-url":"\/\/websitedemos.net\/learn-baking-02\/blog\/","astra-sites-tag":{"480":"blog"},"site-pages-type":"free","site-pages-page-builder":"gutenberg","site-pages-category":[],"site-pages-parent-category":{"60":"business","61":"free"},"required-plugins":[{"slug":"ultimate-addons-for-gutenberg","init":"ultimate-addons-for-gutenberg\/ultimate-addons-for-gutenberg.php","name":"Ultimate Addons for Gutenberg"}]},"id-49833":{"title":"Contact","featured-image-url":"https:\/\/websitedemos.net\/wp-content\/uploads\/2021\/02\/learn-baking-02-contact.jpg","thumbnail-image-url":"https:\/\/websitedemos.net\/wp-content\/uploads\/2021\/02\/learn-baking-02-contact.jpg","astra-page-api-url":"https:\/\/websitedemos.net\/learn-baking-02\/wp-json\/wp\/v2\/pages\/533","dynamic-page":"no","astra-page-url":"\/\/websitedemos.net\/learn-baking-02\/contact\/","astra-sites-tag":{"415":"contact"},"site-pages-type":"free","site-pages-page-builder":"elementor","site-pages-category":[],"site-pages-parent-category":{"60":"business","61":"free"},"required-plugins":[{"slug":"elementor","init":"elementor\/elementor.php","name":"Elementor"},{"slug":"wpforms-lite","init":"wpforms-lite\/wpforms.php","name":"WPForms Lite"}]},"id-49834":{"title":"Home","featured-image-url":"https:\/\/websitedemos.net\/wp-content\/uploads\/2021\/02\/learn-baking-02-homepage.jpg","thumbnail-image-url":"https:\/\/websitedemos.net\/wp-content\/uploads\/2021\/02\/learn-baking-02-homepage.jpg","astra-page-api-url":"https:\/\/websitedemos.net\/learn-baking-02\/wp-json\/wp\/v2\/pages\/5","dynamic-page":"yes","astra-page-url":"\/\/websitedemos.net\/learn-baking-02\/","astra-sites-tag":{"814":"homepage"},"site-pages-type":"free","site-pages-page-builder":"elementor","site-pages-category":[],"site-pages-parent-category":{"60":"business","61":"free"},"required-plugins":[{"slug":"elementor","init":"elementor\/elementor.php","name":"Elementor"}]}}},"id-58870":{"title":"Security Services","id":58870,"publish-date":1643644862,"featured-image-url":"https:\/\/websitedemos.net\/wp-content\/uploads\/2021\/09\/security-services-02-home.jpg","thumbnail-image-url":"https:\/\/websitedemos.net\/wp-content\/uploads\/2021\/09\/security-services-02-home.jpg","fullpage-thumbnail-image-url":"https:\/\/websitedemos.net\/wp-content\/uploads\/2021\/09\/security-services-02-home.jpg","astra-site-url":"\/\/websitedemos.net\/security-services-02","astra-site-parent-id":2505,"astra-sites-tag":{"2508":"alarm-security","2507":"camera-security","2511":"custody-services","2510":"guard","2506":"private-security","2509":"safety","2399":"security-services","2400":"security-system"},"astra-sites-type":"free","astra-site-category":{"27":"business","39":"free"},"astra-site-page-builder":"elementor","categories":{"2483":"expert-services"},"required-plugins":[{"slug":"elementor","init":"elementor\/elementor.php","name":"Elementor"},{"slug":"wpforms-lite","init":"wpforms-lite\/wpforms.php","name":"WPForms Lite"}],"pages":{"id-58271":{"title":"About","featured-image-url":"https:\/\/websitedemos.net\/wp-content\/uploads\/2021\/09\/security-services-02-about.jpg","thumbnail-image-url":"https:\/\/websitedemos.net\/wp-content\/uploads\/2021\/09\/security-services-02-about.jpg","astra-page-api-url":"https:\/\/websitedemos.net\/security-services-02\/wp-json\/wp\/v2\/pages\/328","dynamic-page":"no","astra-page-url":"\/\/websitedemos.net\/security-services-02\/about\/","astra-sites-tag":{"352":"about"},"site-pages-type":"free","site-pages-page-builder":"elementor","site-pages-category":[],"site-pages-parent-category":{"60":"business","61":"free"},"required-plugins":[{"slug":"elementor","init":"elementor\/elementor.php","name":"Elementor"}]},"id-58272":{"title":"Contact","featured-image-url":"https:\/\/websitedemos.net\/wp-content\/uploads\/2021\/09\/security-services-02-contact.jpg","thumbnail-image-url":"https:\/\/websitedemos.net\/wp-content\/uploads\/2021\/09\/security-services-02-contact.jpg","astra-page-api-url":"https:\/\/websitedemos.net\/security-services-02\/wp-json\/wp\/v2\/pages\/410","dynamic-page":"no","astra-page-url":"\/\/websitedemos.net\/security-services-02\/contact\/","astra-sites-tag":{"415":"contact"},"site-pages-type":"free","site-pages-page-builder":"elementor","site-pages-category":[],"site-pages-parent-category":{"60":"business","61":"free"},"required-plugins":[{"slug":"elementor","init":"elementor\/elementor.php","name":"Elementor"},{"slug":"wpforms-lite","init":"wpforms-lite\/wpforms.php","name":"WPForms Lite"}]},"id-58273":{"title":"Home","featured-image-url":"https:\/\/websitedemos.net\/wp-content\/uploads\/2021\/09\/security-services-02-home.jpg","thumbnail-image-url":"https:\/\/websitedemos.net\/wp-content\/uploads\/2021\/09\/security-services-02-home.jpg","astra-page-api-url":"https:\/\/websitedemos.net\/security-services-02\/wp-json\/wp\/v2\/pages\/25","dynamic-page":"no","astra-page-url":"\/\/websitedemos.net\/security-services-02\/","astra-sites-tag":{"423":"home"},"site-pages-type":"free","site-pages-page-builder":"elementor","site-pages-category":[],"site-pages-parent-category":{"60":"business","61":"free"},"required-plugins":[{"slug":"elementor","init":"elementor\/elementor.php","name":"Elementor"}]},"id-58274":{"title":"Services","featured-image-url":"https:\/\/websitedemos.net\/wp-content\/uploads\/2021\/09\/security-services-02-services.jpg","thumbnail-image-url":"https:\/\/websitedemos.net\/wp-content\/uploads\/2021\/09\/security-services-02-services.jpg","astra-page-api-url":"https:\/\/websitedemos.net\/security-services-02\/wp-json\/wp\/v2\/pages\/230","dynamic-page":"no","astra-page-url":"\/\/websitedemos.net\/security-services-02\/services\/","astra-sites-tag":{"425":"services"},"site-pages-type":"free","site-pages-page-builder":"elementor","site-pages-category":[],"site-pages-parent-category":{"60":"business","61":"free"},"required-plugins":[{"slug":"elementor","init":"elementor\/elementor.php","name":"Elementor"}]},"id-58275":{"title":"Training","featured-image-url":"https:\/\/websitedemos.net\/wp-content\/uploads\/2021\/09\/security-services-02-training.jpg","thumbnail-image-url":"https:\/\/websitedemos.net\/wp-content\/uploads\/2021\/09\/security-services-02-training.jpg","astra-page-api-url":"https:\/\/websitedemos.net\/security-services-02\/wp-json\/wp\/v2\/pages\/273","dynamic-page":"no","astra-page-url":"\/\/websitedemos.net\/security-services-02\/training\/","astra-sites-tag":{"721":"training"},"site-pages-type":"free","site-pages-page-builder":"elementor","site-pages-category":[],"site-pages-parent-category":{"60":"business","61":"free"},"required-plugins":[{"slug":"elementor","init":"elementor\/elementor.php","name":"Elementor"}]}}},"id-53742":{"title":"Travel Blogger &amp; Influencer","id":53742,"publish-date":1623425467,"featured-image-url":"https:\/\/websitedemos.net\/wp-content\/uploads\/2021\/05\/travel-blogger-02-home.jpg","thumbnail-image-url":"https:\/\/websitedemos.net\/wp-content\/uploads\/2021\/05\/travel-blogger-02-home.jpg","fullpage-thumbnail-image-url":"https:\/\/websitedemos.net\/wp-content\/uploads\/2021\/05\/travel-blogger-02-home.jpg","astra-site-url":"\/\/websitedemos.net\/travel-blogger-04","astra-site-parent-id":2003,"astra-sites-tag":{"1652":"blogger","1654":"content-creator","1547":"influencer","2163":"social-media-influencer","2168":"tourism-influencers","2170":"travel-tourism","1683":"travel-blogger","2167":"travel-influencer","2169":"travel-vlogger"},"astra-sites-type":"agency-mini","astra-site-category":{"37":"blog"},"astra-site-page-builder":"elementor","categories":{"2497":"blog"},"required-plugins":[{"slug":"elementor","init":"elementor\/elementor.php","name":"Elementor"},{"slug":"wpforms-lite","init":"wpforms-lite\/wpforms.php","name":"WPForms Lite"}],"pages":{"id-53743":{"title":"About me","featured-image-url":"https:\/\/websitedemos.net\/wp-content\/uploads\/2021\/05\/travel-blogger-02-about.jpg","thumbnail-image-url":"https:\/\/websitedemos.net\/wp-content\/uploads\/2021\/05\/travel-blogger-02-about.jpg","astra-page-api-url":"https:\/\/websitedemos.net\/travel-blogger-04\/wp-json\/wp\/v2\/pages\/19","dynamic-page":"no","astra-page-url":"\/\/websitedemos.net\/travel-blogger-04\/about-me\/","astra-sites-tag":{"352":"about"},"site-pages-type":"agency-mini","site-pages-page-builder":"elementor","site-pages-category":[],"site-pages-parent-category":{"74":"blog"},"required-plugins":[{"slug":"elementor","init":"elementor\/elementor.php","name":"Elementor"}]},"id-53744":{"title":"Africa","featured-image-url":"https:\/\/websitedemos.net\/wp-content\/uploads\/2021\/05\/travel-blogger-02-africa.jpg","thumbnail-image-url":"https:\/\/websitedemos.net\/wp-content\/uploads\/2021\/05\/travel-blogger-02-africa.jpg","astra-page-api-url":"https:\/\/websitedemos.net\/travel-blogger-04\/wp-json\/wp\/v2\/pages\/29","dynamic-page":"no","astra-page-url":"\/\/websitedemos.net\/travel-blogger-04\/africa\/","astra-sites-tag":{"2019":"africa","786":"travel-place"},"site-pages-type":"agency-mini","site-pages-page-builder":"elementor","site-pages-category":[],"site-pages-parent-category":{"74":"blog"},"required-plugins":[{"slug":"elementor","init":"elementor\/elementor.php","name":"Elementor"}]},"id-53745":{"title":"Asia","featured-image-url":"https:\/\/websitedemos.net\/wp-content\/uploads\/2021\/05\/travel-blogger-02-asia.jpg","thumbnail-image-url":"https:\/\/websitedemos.net\/wp-content\/uploads\/2021\/05\/travel-blogger-02-asia.jpg","astra-page-api-url":"https:\/\/websitedemos.net\/travel-blogger-04\/wp-json\/wp\/v2\/pages\/31","dynamic-page":"no","astra-page-url":"\/\/websitedemos.net\/travel-blogger-04\/asia\/","astra-sites-tag":{"2017":"asia","786":"travel-place"},"site-pages-type":"agency-mini","site-pages-page-builder":"elementor","site-pages-category":[],"site-pages-parent-category":{"74":"blog"},"required-plugins":[{"slug":"elementor","init":"elementor\/elementor.php","name":"Elementor"}]},"id-53746":{"title":"Destination","featured-image-url":"https:\/\/websitedemos.net\/wp-content\/uploads\/2021\/05\/travel-blogger-02-destination.jpg","thumbnail-image-url":"https:\/\/websitedemos.net\/wp-content\/uploads\/2021\/05\/travel-blogger-02-destination.jpg","astra-page-api-url":"https:\/\/websitedemos.net\/travel-blogger-04\/wp-json\/wp\/v2\/pages\/367","dynamic-page":"no","astra-page-url":"\/\/websitedemos.net\/travel-blogger-04\/destination\/","astra-sites-tag":{"785":"destination"},"site-pages-type":"agency-mini","site-pages-page-builder":"elementor","site-pages-category":[],"site-pages-parent-category":{"74":"blog"},"required-plugins":[{"slug":"elementor","init":"elementor\/elementor.php","name":"Elementor"}]},"id-53747":{"title":"Europe","featured-image-url":"https:\/\/websitedemos.net\/wp-content\/uploads\/2021\/05\/travel-blogger-02-europe.jpg","thumbnail-image-url":"https:\/\/websitedemos.net\/wp-content\/uploads\/2021\/05\/travel-blogger-02-europe.jpg","astra-page-api-url":"https:\/\/websitedemos.net\/travel-blogger-04\/wp-json\/wp\/v2\/pages\/27","dynamic-page":"no","astra-page-url":"\/\/websitedemos.net\/travel-blogger-04\/europe\/","astra-sites-tag":{"2014":"europe","786":"travel-place"},"site-pages-type":"agency-mini","site-pages-page-builder":"elementor","site-pages-category":[],"site-pages-parent-category":{"74":"blog"},"required-plugins":[{"slug":"elementor","init":"elementor\/elementor.php","name":"Elementor"}]},"id-53748":{"title":"Home","featured-image-url":"https:\/\/websitedemos.net\/wp-content\/uploads\/2021\/05\/travel-blogger-02-home.jpg","thumbnail-image-url":"https:\/\/websitedemos.net\/wp-content\/uploads\/2021\/05\/travel-blogger-02-home.jpg","astra-page-api-url":"https:\/\/websitedemos.net\/travel-blogger-04\/wp-json\/wp\/v2\/pages\/5","dynamic-page":"no","astra-page-url":"\/\/websitedemos.net\/travel-blogger-04\/","astra-sites-tag":{"423":"home"},"site-pages-type":"agency-mini","site-pages-page-builder":"elementor","site-pages-category":[],"site-pages-parent-category":{"74":"blog"},"required-plugins":[{"slug":"elementor","init":"elementor\/elementor.php","name":"Elementor"},{"slug":"wpforms-lite","init":"wpforms-lite\/wpforms.php","name":"WPForms Lite"}]},"id-53749":{"title":"The Americas","featured-image-url":"https:\/\/websitedemos.net\/wp-content\/uploads\/2021\/05\/travel-blogger-02-the-americas.jpg","thumbnail-image-url":"https:\/\/websitedemos.net\/wp-content\/uploads\/2021\/05\/travel-blogger-02-the-americas.jpg","astra-page-api-url":"https:\/\/websitedemos.net\/travel-blogger-04\/wp-json\/wp\/v2\/pages\/35","dynamic-page":"no","astra-page-url":"\/\/websitedemos.net\/travel-blogger-04\/the-americas\/","astra-sites-tag":{"2015":"america","786":"travel-place"},"site-pages-type":"agency-mini","site-pages-page-builder":"elementor","site-pages-category":[],"site-pages-parent-category":{"74":"blog"},"required-plugins":[{"slug":"elementor","init":"elementor\/elementor.php","name":"Elementor"}]},"id-53750":{"title":"Videos","featured-image-url":"https:\/\/websitedemos.net\/wp-content\/uploads\/2021\/05\/travel-blogger-02-videos.jpg","thumbnail-image-url":"https:\/\/websitedemos.net\/wp-content\/uploads\/2021\/05\/travel-blogger-02-videos.jpg","astra-page-api-url":"https:\/\/websitedemos.net\/travel-blogger-04\/wp-json\/wp\/v2\/pages\/23","dynamic-page":"no","astra-page-url":"\/\/websitedemos.net\/travel-blogger-04\/videos\/","astra-sites-tag":{"2001":"videos"},"site-pages-type":"agency-mini","site-pages-page-builder":"elementor","site-pages-category":[],"site-pages-parent-category":{"74":"blog"},"required-plugins":[{"slug":"elementor","init":"elementor\/elementor.php","name":"Elementor"}]},"id-53751":{"title":"Work with me","featured-image-url":"https:\/\/websitedemos.net\/wp-content\/uploads\/2021\/05\/travel-blogger-02-work-with-me.jpg","thumbnail-image-url":"https:\/\/websitedemos.net\/wp-content\/uploads\/2021\/05\/travel-blogger-02-work-with-me.jpg","astra-page-api-url":"https:\/\/websitedemos.net\/travel-blogger-04\/wp-json\/wp\/v2\/pages\/25","dynamic-page":"no","astra-page-url":"\/\/websitedemos.net\/travel-blogger-04\/work-with-me\/","astra-sites-tag":{"415":"contact","451":"work"},"site-pages-type":"agency-mini","site-pages-page-builder":"elementor","site-pages-category":[],"site-pages-parent-category":{"74":"blog"},"required-plugins":[{"slug":"elementor","init":"elementor\/elementor.php","name":"Elementor"},{"slug":"wpforms-lite","init":"wpforms-lite\/wpforms.php","name":"WPForms Lite"}]}}},"id-55717":{"title":"Travel Blogger &amp; Influencer","id":55717,"publish-date":1624910289,"featured-image-url":"https:\/\/websitedemos.net\/wp-content\/uploads\/2021\/06\/travel-blogger-03-home.jpg","thumbnail-image-url":"https:\/\/websitedemos.net\/wp-content\/uploads\/2021\/06\/travel-blogger-03-home.jpg","fullpage-thumbnail-image-url":"https:\/\/websitedemos.net\/wp-content\/uploads\/2021\/06\/travel-blogger-03-home.jpg","astra-site-url":"\/\/websitedemos.net\/travel-blogger-03","astra-site-parent-id":2203,"astra-sites-tag":{"1652":"blogger","1654":"content-creator","1547":"influencer","2163":"social-media-influencer","2168":"tourism-influencers","2170":"travel-tourism","1683":"travel-blogger","2167":"travel-influencer","2169":"travel-vlogger"},"astra-sites-type":"agency-mini","astra-site-category":{"37":"blog"},"astra-site-page-builder":"beaver-builder","categories":{"2497":"blog"},"required-plugins":[{"slug":"beaver-builder-lite-version","init":"beaver-builder-lite-version\/fl-builder.php","name":"Beaver Builder Plugin (Lite Version)"},{"slug":"bb-ultimate-addon","init":"bb-ultimate-addon\/bb-ultimate-addon.php","name":"Ultimate Addons for Beaver Builder"},{"slug":"wpforms-lite","init":"wpforms-lite\/wpforms.php","name":"WPForms Lite"}],"pages":{"id-55718":{"title":"About me","featured-image-url":"https:\/\/websitedemos.net\/wp-content\/uploads\/2021\/05\/travel-blogger-02-about.jpg","thumbnail-image-url":"https:\/\/websitedemos.net\/wp-content\/uploads\/2021\/05\/travel-blogger-02-about.jpg","astra-page-api-url":"https:\/\/websitedemos.net\/travel-blogger-03\/wp-json\/wp\/v2\/pages\/603","dynamic-page":"no","astra-page-url":"\/\/websitedemos.net\/travel-blogger-03\/about-me\/","astra-sites-tag":{"352":"about"},"site-pages-type":"agency-mini","site-pages-page-builder":"beaver-builder","site-pages-category":[],"site-pages-parent-category":{"74":"blog"},"required-plugins":[{"slug":"beaver-builder-lite-version","init":"beaver-builder-lite-version\/fl-builder.php","name":"Beaver Builder Plugin (Lite Version)"},{"slug":"bb-ultimate-addon","init":"bb-ultimate-addon\/bb-ultimate-addon.php","name":"Ultimate Addons for Beaver Builder"}]},"id-55719":{"title":"Africa","featured-image-url":"https:\/\/websitedemos.net\/wp-content\/uploads\/2021\/05\/travel-blogger-02-africa.jpg","thumbnail-image-url":"https:\/\/websitedemos.net\/wp-content\/uploads\/2021\/05\/travel-blogger-02-africa.jpg","astra-page-api-url":"https:\/\/websitedemos.net\/travel-blogger-03\/wp-json\/wp\/v2\/pages\/605","dynamic-page":"no","astra-page-url":"\/\/websitedemos.net\/travel-blogger-03\/africa\/","astra-sites-tag":{"2019":"africa","786":"travel-place"},"site-pages-type":"agency-mini","site-pages-page-builder":"beaver-builder","site-pages-category":[],"site-pages-parent-category":{"74":"blog"},"required-plugins":[{"slug":"beaver-builder-lite-version","init":"beaver-builder-lite-version\/fl-builder.php","name":"Beaver Builder Plugin (Lite Version)"},{"slug":"bb-ultimate-addon","init":"bb-ultimate-addon\/bb-ultimate-addon.php","name":"Ultimate Addons for Beaver Builder"}]},"id-55720":{"title":"Asia","featured-image-url":"https:\/\/websitedemos.net\/wp-content\/uploads\/2021\/05\/travel-blogger-02-asia.jpg","thumbnail-image-url":"https:\/\/websitedemos.net\/wp-content\/uploads\/2021\/05\/travel-blogger-02-asia.jpg","astra-page-api-url":"https:\/\/websitedemos.net\/travel-blogger-03\/wp-json\/wp\/v2\/pages\/607","dynamic-page":"no","astra-page-url":"\/\/websitedemos.net\/travel-blogger-03\/asia\/","astra-sites-tag":{"2017":"asia","786":"travel-place"},"site-pages-type":"agency-mini","site-pages-page-builder":"beaver-builder","site-pages-category":[],"site-pages-parent-category":{"74":"blog"},"required-plugins":[{"slug":"beaver-builder-lite-version","init":"beaver-builder-lite-version\/fl-builder.php","name":"Beaver Builder Plugin (Lite Version)"},{"slug":"bb-ultimate-addon","init":"bb-ultimate-addon\/bb-ultimate-addon.php","name":"Ultimate Addons for Beaver Builder"}]},"id-55721":{"title":"Destination","featured-image-url":"https:\/\/websitedemos.net\/wp-content\/uploads\/2021\/06\/travel-blogger-03-destination.jpg","thumbnail-image-url":"https:\/\/websitedemos.net\/wp-content\/uploads\/2021\/06\/travel-blogger-03-destination.jpg","astra-page-api-url":"https:\/\/websitedemos.net\/travel-blogger-03\/wp-json\/wp\/v2\/pages\/609","dynamic-page":"no","astra-page-url":"\/\/websitedemos.net\/travel-blogger-03\/destination\/","astra-sites-tag":{"785":"destination"},"site-pages-type":"agency-mini","site-pages-page-builder":"beaver-builder","site-pages-category":[],"site-pages-parent-category":{"74":"blog"},"required-plugins":[{"slug":"beaver-builder-lite-version","init":"beaver-builder-lite-version\/fl-builder.php","name":"Beaver Builder Plugin (Lite Version)"},{"slug":"bb-ultimate-addon","init":"bb-ultimate-addon\/bb-ultimate-addon.php","name":"Ultimate Addons for Beaver Builder"}]},"id-55722":{"title":"Europe","featured-image-url":"https:\/\/websitedemos.net\/wp-content\/uploads\/2021\/05\/travel-blogger-02-europe.jpg","thumbnail-image-url":"https:\/\/websitedemos.net\/wp-content\/uploads\/2021\/05\/travel-blogger-02-europe.jpg","astra-page-api-url":"https:\/\/websitedemos.net\/travel-blogger-03\/wp-json\/wp\/v2\/pages\/611","dynamic-page":"no","astra-page-url":"\/\/websitedemos.net\/travel-blogger-03\/europe\/","astra-sites-tag":{"2014":"europe","786":"travel-place"},"site-pages-type":"agency-mini","site-pages-page-builder":"beaver-builder","site-pages-category":[],"site-pages-parent-category":{"74":"blog"},"required-plugins":[{"slug":"beaver-builder-lite-version","init":"beaver-builder-lite-version\/fl-builder.php","name":"Beaver Builder Plugin (Lite Version)"},{"slug":"bb-ultimate-addon","init":"bb-ultimate-addon\/bb-ultimate-addon.php","name":"Ultimate Addons for Beaver Builder"}]},"id-55723":{"title":"Home","featured-image-url":"https:\/\/websitedemos.net\/wp-content\/uploads\/2021\/06\/travel-blogger-03-home.jpg","thumbnail-image-url":"https:\/\/websitedemos.net\/wp-content\/uploads\/2021\/06\/travel-blogger-03-home.jpg","astra-page-api-url":"https:\/\/websitedemos.net\/travel-blogger-03\/wp-json\/wp\/v2\/pages\/601","dynamic-page":"no","astra-page-url":"\/\/websitedemos.net\/travel-blogger-03\/","astra-sites-tag":{"423":"home"},"site-pages-type":"agency-mini","site-pages-page-builder":"beaver-builder","site-pages-category":[],"site-pages-parent-category":{"74":"blog"},"required-plugins":[{"slug":"beaver-builder-lite-version","init":"beaver-builder-lite-version\/fl-builder.php","name":"Beaver Builder Plugin (Lite Version)"},{"slug":"bb-ultimate-addon","init":"bb-ultimate-addon\/bb-ultimate-addon.php","name":"Ultimate Addons for Beaver Builder"},{"slug":"wpforms-lite","init":"wpforms-lite\/wpforms.php","name":"WPForms Lite"}]},"id-55724":{"title":"The Americas","featured-image-url":"https:\/\/websitedemos.net\/wp-content\/uploads\/2021\/05\/travel-blogger-02-the-americas.jpg","thumbnail-image-url":"https:\/\/websitedemos.net\/wp-content\/uploads\/2021\/05\/travel-blogger-02-the-americas.jpg","astra-page-api-url":"https:\/\/websitedemos.net\/travel-blogger-03\/wp-json\/wp\/v2\/pages\/613","dynamic-page":"no","astra-page-url":"\/\/websitedemos.net\/travel-blogger-03\/the-americas\/","astra-sites-tag":{"2015":"america","786":"travel-place"},"site-pages-type":"agency-mini","site-pages-page-builder":"beaver-builder","site-pages-category":[],"site-pages-parent-category":{"74":"blog"},"required-plugins":[{"slug":"beaver-builder-lite-version","init":"beaver-builder-lite-version\/fl-builder.php","name":"Beaver Builder Plugin (Lite Version)"},{"slug":"bb-ultimate-addon","init":"bb-ultimate-addon\/bb-ultimate-addon.php","name":"Ultimate Addons for Beaver Builder"}]},"id-55725":{"title":"Videos","featured-image-url":"https:\/\/websitedemos.net\/wp-content\/uploads\/2021\/06\/travel-blogger-03-videos.jpg","thumbnail-image-url":"https:\/\/websitedemos.net\/wp-content\/uploads\/2021\/06\/travel-blogger-03-videos.jpg","astra-page-api-url":"https:\/\/websitedemos.net\/travel-blogger-03\/wp-json\/wp\/v2\/pages\/615","dynamic-page":"no","astra-page-url":"\/\/websitedemos.net\/travel-blogger-03\/videos\/","astra-sites-tag":{"2001":"videos"},"site-pages-type":"agency-mini","site-pages-page-builder":"beaver-builder","site-pages-category":[],"site-pages-parent-category":{"74":"blog"},"required-plugins":[{"slug":"beaver-builder-lite-version","init":"beaver-builder-lite-version\/fl-builder.php","name":"Beaver Builder Plugin (Lite Version)"},{"slug":"bb-ultimate-addon","init":"bb-ultimate-addon\/bb-ultimate-addon.php","name":"Ultimate Addons for Beaver Builder"}]},"id-55726":{"title":"Work with me","featured-image-url":"https:\/\/websitedemos.net\/wp-content\/uploads\/2021\/05\/travel-blogger-02-work-with-me.jpg","thumbnail-image-url":"https:\/\/websitedemos.net\/wp-content\/uploads\/2021\/05\/travel-blogger-02-work-with-me.jpg","astra-page-api-url":"https:\/\/websitedemos.net\/travel-blogger-03\/wp-json\/wp\/v2\/pages\/617","dynamic-page":"no","astra-page-url":"\/\/websitedemos.net\/travel-blogger-03\/work-with-me\/","astra-sites-tag":{"415":"contact","784":"work-with-me"},"site-pages-type":"agency-mini","site-pages-page-builder":"beaver-builder","site-pages-category":[],"site-pages-parent-category":{"74":"blog"},"required-plugins":[{"slug":"beaver-builder-lite-version","init":"beaver-builder-lite-version\/fl-builder.php","name":"Beaver Builder Plugin (Lite Version)"},{"slug":"bb-ultimate-addon","init":"bb-ultimate-addon\/bb-ultimate-addon.php","name":"Ultimate Addons for Beaver Builder"},{"slug":"wpforms-lite","init":"wpforms-lite\/wpforms.php","name":"WPForms Lite"}]}}},"id-55257":{"title":"Local Business","id":55257,"publish-date":1621610678,"featured-image-url":"https:\/\/websitedemos.net\/wp-content\/uploads\/2021\/05\/local-business-02.jpg","thumbnail-image-url":"https:\/\/websitedemos.net\/wp-content\/uploads\/2021\/05\/local-business-02.jpg","fullpage-thumbnail-image-url":"https:\/\/websitedemos.net\/wp-content\/uploads\/2021\/05\/local-business-02.jpg","astra-site-url":"\/\/websitedemos.net\/local-business-02","astra-site-parent-id":2057,"astra-sites-tag":{"586":"car-wash","2085":"carpentry","2089":"cleaning-company","2088":"construction-company","341":"electrician","2090":"flooring-company","1021":"local-business","2086":"local-worker","2094":"mechanic","2093":"painting-company","508":"plumbing","2092":"plumbing-company","2091":"roofing-company","2087":"services-maintenance","441":"technician"},"astra-sites-type":"free","astra-site-category":{"27":"business","39":"free"},"astra-site-page-builder":"elementor","categories":{"2471":"local-technician"},"required-plugins":[{"slug":"elementor","init":"elementor\/elementor.php","name":"Elementor"},{"slug":"wpforms-lite","init":"wpforms-lite\/wpforms.php","name":"WPForms Lite"}],"pages":{"id-55258":{"title":"About","featured-image-url":"https:\/\/websitedemos.net\/wp-content\/uploads\/2021\/05\/local-business-02-about-1.jpg","thumbnail-image-url":"https:\/\/websitedemos.net\/wp-content\/uploads\/2021\/05\/local-business-02-about-1.jpg","astra-page-api-url":"https:\/\/websitedemos.net\/local-business-02\/wp-json\/wp\/v2\/pages\/245","dynamic-page":"no","astra-page-url":"\/\/websitedemos.net\/local-business-02\/about\/","astra-sites-tag":{"352":"about"},"site-pages-type":"free","site-pages-page-builder":"elementor","site-pages-category":[],"site-pages-parent-category":{"60":"business","61":"free"},"required-plugins":[{"slug":"elementor","init":"elementor\/elementor.php","name":"Elementor"}]},"id-55259":{"title":"Contact","featured-image-url":"https:\/\/websitedemos.net\/wp-content\/uploads\/2021\/05\/local-business-02-contact.jpg","thumbnail-image-url":"https:\/\/websitedemos.net\/wp-content\/uploads\/2021\/05\/local-business-02-contact.jpg","astra-page-api-url":"https:\/\/websitedemos.net\/local-business-02\/wp-json\/wp\/v2\/pages\/247","dynamic-page":"no","astra-page-url":"\/\/websitedemos.net\/local-business-02\/contact\/","astra-sites-tag":{"415":"contact"},"site-pages-type":"free","site-pages-page-builder":"elementor","site-pages-category":[],"site-pages-parent-category":{"60":"business","61":"free"},"required-plugins":[{"slug":"elementor","init":"elementor\/elementor.php","name":"Elementor"},{"slug":"wpforms-lite","init":"wpforms-lite\/wpforms.php","name":"WPForms Lite"}]},"id-55260":{"title":"Home","featured-image-url":"https:\/\/websitedemos.net\/wp-content\/uploads\/2021\/05\/local-business-02.jpg","thumbnail-image-url":"https:\/\/websitedemos.net\/wp-content\/uploads\/2021\/05\/local-business-02.jpg","astra-page-api-url":"https:\/\/websitedemos.net\/local-business-02\/wp-json\/wp\/v2\/pages\/6","dynamic-page":"no","astra-page-url":"\/\/websitedemos.net\/local-business-02\/","astra-sites-tag":{"423":"home"},"site-pages-type":"free","site-pages-page-builder":"elementor","site-pages-category":[],"site-pages-parent-category":{"60":"business","61":"free"},"required-plugins":[{"slug":"elementor","init":"elementor\/elementor.php","name":"Elementor"}]},"id-55261":{"title":"Services","featured-image-url":"https:\/\/websitedemos.net\/wp-content\/uploads\/2021\/05\/local-business-02-services.jpg","thumbnail-image-url":"https:\/\/websitedemos.net\/wp-content\/uploads\/2021\/05\/local-business-02-services.jpg","astra-page-api-url":"https:\/\/websitedemos.net\/local-business-02\/wp-json\/wp\/v2\/pages\/246","dynamic-page":"no","astra-page-url":"\/\/websitedemos.net\/local-business-02\/services\/","astra-sites-tag":{"425":"services"},"site-pages-type":"free","site-pages-page-builder":"elementor","site-pages-category":[],"site-pages-parent-category":{"60":"business","61":"free"},"required-plugins":[{"slug":"elementor","init":"elementor\/elementor.php","name":"Elementor"}]}}},"id-55315":{"title":"Local Business","id":55315,"publish-date":1621624705,"featured-image-url":"https:\/\/websitedemos.net\/wp-content\/uploads\/2021\/05\/local-business-08.jpg","thumbnail-image-url":"https:\/\/websitedemos.net\/wp-content\/uploads\/2021\/05\/local-business-08.jpg","fullpage-thumbnail-image-url":"https:\/\/websitedemos.net\/wp-content\/uploads\/2021\/05\/local-business-08.jpg","astra-site-url":"\/\/websitedemos.net\/local-business-08","astra-site-parent-id":2066,"astra-sites-tag":{"586":"car-wash","2085":"carpentry","2089":"cleaning-company","2088":"construction-company","341":"electrician","2090":"flooring-company","1021":"local-business","2086":"local-worker","2094":"mechanic","2093":"painting-company","508":"plumbing","2092":"plumbing-company","2091":"roofing-company","2087":"services-maintenance","441":"technician"},"astra-sites-type":"free","astra-site-category":{"27":"business","39":"free"},"astra-site-page-builder":"gutenberg","categories":{"2471":"local-technician"},"required-plugins":[{"slug":"wpforms-lite","init":"wpforms-lite\/wpforms.php","name":"WPForms Lite"}],"pages":{"id-55317":{"title":"Contact","featured-image-url":"https:\/\/websitedemos.net\/wp-content\/uploads\/2021\/05\/local-business-08-contact.jpg","thumbnail-image-url":"https:\/\/websitedemos.net\/wp-content\/uploads\/2021\/05\/local-business-08-contact.jpg","astra-page-api-url":"https:\/\/websitedemos.net\/local-business-08\/wp-json\/wp\/v2\/pages\/13","dynamic-page":"no","astra-page-url":"\/\/websitedemos.net\/local-business-08\/contact\/","astra-sites-tag":{"415":"contact"},"site-pages-type":"free","site-pages-page-builder":"gutenberg","site-pages-category":[],"site-pages-parent-category":{"60":"business","61":"free"},"required-plugins":[{"slug":"wpforms-lite","init":"wpforms-lite\/wpforms.php","name":"WPForms Lite"}]},"id-55318":{"title":"Home","featured-image-url":"https:\/\/websitedemos.net\/wp-content\/uploads\/2021\/05\/local-business-08.jpg","thumbnail-image-url":"https:\/\/websitedemos.net\/wp-content\/uploads\/2021\/05\/local-business-08.jpg","astra-page-api-url":"https:\/\/websitedemos.net\/local-business-08\/wp-json\/wp\/v2\/pages\/10","dynamic-page":"no","astra-page-url":"\/\/websitedemos.net\/local-business-08\/","astra-sites-tag":{"423":"home"},"site-pages-type":"free","site-pages-page-builder":"gutenberg","site-pages-category":[],"site-pages-parent-category":{"60":"business","61":"free"},"required-plugins":[]},"id-55319":{"title":"Services","featured-image-url":"https:\/\/websitedemos.net\/wp-content\/uploads\/2021\/05\/local-business-08-services.jpg","thumbnail-image-url":"https:\/\/websitedemos.net\/wp-content\/uploads\/2021\/05\/local-business-08-services.jpg","astra-page-api-url":"https:\/\/websitedemos.net\/local-business-08\/wp-json\/wp\/v2\/pages\/12","dynamic-page":"no","astra-page-url":"\/\/websitedemos.net\/local-business-08\/services\/","astra-sites-tag":{"425":"services"},"site-pages-type":"free","site-pages-page-builder":"gutenberg","site-pages-category":[],"site-pages-parent-category":{"60":"business","61":"free"},"required-plugins":[]},"id-55316":{"title":"About","featured-image-url":"https:\/\/websitedemos.net\/wp-content\/uploads\/2021\/05\/local-business-08-about-1.jpg","thumbnail-image-url":"https:\/\/websitedemos.net\/wp-content\/uploads\/2021\/05\/local-business-08-about-1.jpg","astra-page-api-url":"https:\/\/websitedemos.net\/local-business-08\/wp-json\/wp\/v2\/pages\/11","dynamic-page":"no","astra-page-url":"\/\/websitedemos.net\/local-business-08\/about\/","astra-sites-tag":{"352":"about"},"site-pages-type":"free","site-pages-page-builder":"gutenberg","site-pages-category":[],"site-pages-parent-category":{"60":"business","61":"free"},"required-plugins":[]}}},"id-55660":{"title":"Heritage Hotel","id":55660,"publish-date":1623760910,"featured-image-url":"https:\/\/websitedemos.net\/wp-content\/uploads\/2021\/06\/heritage-hotel-04-home-01.jpg","thumbnail-image-url":"https:\/\/websitedemos.net\/wp-content\/uploads\/2021\/06\/heritage-hotel-04-home-01.jpg","fullpage-thumbnail-image-url":"https:\/\/websitedemos.net\/wp-content\/uploads\/2021\/06\/heritage-hotel-04-home-01.jpg","astra-site-url":"\/\/websitedemos.net\/heritage-hotel-04","astra-site-parent-id":2178,"astra-sites-tag":{"2180":"heritage-hotel","350":"hotel","2199":"indian-heritage-hotel","2082":"luxury-hotel","2197":"luxury-residence","2196":"palace-hotel","2195":"stay","2198":"traditional-hotel"},"astra-sites-type":"agency-mini","astra-site-category":{"27":"business"},"astra-site-page-builder":"elementor","categories":{"2498":"hotel-travel"},"required-plugins":[{"slug":"elementor","init":"elementor\/elementor.php","name":"Elementor"},{"slug":"header-footer-elementor","init":"header-footer-elementor\/header-footer-elementor.php","name":"Elementor - Header, Footer & Blocks"},{"slug":"wpforms-lite","init":"wpforms-lite\/wpforms.php","name":"WPForms Lite"}],"pages":{"id-55661":{"title":"Contact","featured-image-url":"https:\/\/websitedemos.net\/wp-content\/uploads\/2021\/06\/heritage-hotel-04-contact-01.jpg","thumbnail-image-url":"https:\/\/websitedemos.net\/wp-content\/uploads\/2021\/06\/heritage-hotel-04-contact-01.jpg","astra-page-api-url":"https:\/\/websitedemos.net\/heritage-hotel-04\/wp-json\/wp\/v2\/pages\/794","dynamic-page":"no","astra-page-url":"\/\/websitedemos.net\/heritage-hotel-04\/contact\/","astra-sites-tag":{"415":"contact"},"site-pages-type":"agency-mini","site-pages-page-builder":"elementor","site-pages-category":[],"site-pages-parent-category":{"60":"business"},"required-plugins":[{"slug":"elementor","init":"elementor\/elementor.php","name":"Elementor"},{"slug":"wpforms-lite","init":"wpforms-lite\/wpforms.php","name":"WPForms Lite"}]},"id-55662":{"title":"Dining","featured-image-url":"https:\/\/websitedemos.net\/wp-content\/uploads\/2021\/06\/heritage-hotel-02-dining.jpg","thumbnail-image-url":"https:\/\/websitedemos.net\/wp-content\/uploads\/2021\/06\/heritage-hotel-02-dining.jpg","astra-page-api-url":"https:\/\/websitedemos.net\/heritage-hotel-04\/wp-json\/wp\/v2\/pages\/734","dynamic-page":"no","astra-page-url":"\/\/websitedemos.net\/heritage-hotel-04\/dining\/","astra-sites-tag":{"1798":"dining"},"site-pages-type":"agency-mini","site-pages-page-builder":"elementor","site-pages-category":[],"site-pages-parent-category":{"60":"business"},"required-plugins":[{"slug":"elementor","init":"elementor\/elementor.php","name":"Elementor"}]},"id-55663":{"title":"Experience","featured-image-url":"https:\/\/websitedemos.net\/wp-content\/uploads\/2021\/06\/heritage-hotel-04-experience-01.jpg","thumbnail-image-url":"https:\/\/websitedemos.net\/wp-content\/uploads\/2021\/06\/heritage-hotel-04-experience-01.jpg","astra-page-api-url":"https:\/\/websitedemos.net\/heritage-hotel-04\/wp-json\/wp\/v2\/pages\/589","dynamic-page":"no","astra-page-url":"\/\/websitedemos.net\/heritage-hotel-04\/experience\/","astra-sites-tag":{"636":"experience"},"site-pages-type":"agency-mini","site-pages-page-builder":"elementor","site-pages-category":[],"site-pages-parent-category":{"60":"business"},"required-plugins":[{"slug":"elementor","init":"elementor\/elementor.php","name":"Elementor"}]},"id-55666":{"title":"Home","featured-image-url":"https:\/\/websitedemos.net\/wp-content\/uploads\/2021\/06\/heritage-hotel-04-home-01.jpg","thumbnail-image-url":"https:\/\/websitedemos.net\/wp-content\/uploads\/2021\/06\/heritage-hotel-04-home-01.jpg","astra-page-api-url":"https:\/\/websitedemos.net\/heritage-hotel-04\/wp-json\/wp\/v2\/pages\/24","dynamic-page":"no","astra-page-url":"\/\/websitedemos.net\/heritage-hotel-04\/","astra-sites-tag":{"423":"home"},"site-pages-type":"agency-mini","site-pages-page-builder":"elementor","site-pages-category":[],"site-pages-parent-category":{"60":"business"},"required-plugins":[{"slug":"elementor","init":"elementor\/elementor.php","name":"Elementor"}]},"id-55664":{"title":"Gallery","featured-image-url":"https:\/\/websitedemos.net\/wp-content\/uploads\/2021\/06\/heritage-hotel-02-gallery.jpg","thumbnail-image-url":"https:\/\/websitedemos.net\/wp-content\/uploads\/2021\/06\/heritage-hotel-02-gallery.jpg","astra-page-api-url":"https:\/\/websitedemos.net\/heritage-hotel-04\/wp-json\/wp\/v2\/pages\/830","dynamic-page":"no","astra-page-url":"\/\/websitedemos.net\/heritage-hotel-04\/gallery\/","astra-sites-tag":{"461":"gallery"},"site-pages-type":"agency-mini","site-pages-page-builder":"elementor","site-pages-category":[],"site-pages-parent-category":{"60":"business"},"required-plugins":[{"slug":"elementor","init":"elementor\/elementor.php","name":"Elementor"}]},"id-55665":{"title":"History","featured-image-url":"https:\/\/websitedemos.net\/wp-content\/uploads\/2021\/06\/heritage-hotel-02-history.jpg","thumbnail-image-url":"https:\/\/websitedemos.net\/wp-content\/uploads\/2021\/06\/heritage-hotel-02-history.jpg","astra-page-api-url":"https:\/\/websitedemos.net\/heritage-hotel-04\/wp-json\/wp\/v2\/pages\/476","dynamic-page":"no","astra-page-url":"\/\/websitedemos.net\/heritage-hotel-04\/history\/","astra-sites-tag":{"352":"about","645":"history"},"site-pages-type":"agency-mini","site-pages-page-builder":"elementor","site-pages-category":[],"site-pages-parent-category":{"60":"business"},"required-plugins":[{"slug":"elementor","init":"elementor\/elementor.php","name":"Elementor"}]},"id-55667":{"title":"Rooms &amp; Suites","featured-image-url":"https:\/\/websitedemos.net\/wp-content\/uploads\/2021\/06\/heritage-hotel-02-rooms-suites.jpg","thumbnail-image-url":"https:\/\/websitedemos.net\/wp-content\/uploads\/2021\/06\/heritage-hotel-02-rooms-suites.jpg","astra-page-api-url":"https:\/\/websitedemos.net\/heritage-hotel-04\/wp-json\/wp\/v2\/pages\/644","dynamic-page":"no","astra-page-url":"\/\/websitedemos.net\/heritage-hotel-04\/rooms-suites\/","astra-sites-tag":{"715":"rooms","2179":"suites"},"site-pages-type":"agency-mini","site-pages-page-builder":"elementor","site-pages-category":[],"site-pages-parent-category":{"60":"business"},"required-plugins":[{"slug":"elementor","init":"elementor\/elementor.php","name":"Elementor"}]}}},"id-55172":{"title":"Steak House","id":55172,"publish-date":1621602080,"featured-image-url":"https:\/\/websitedemos.net\/wp-content\/uploads\/2021\/05\/steak-house-02-home.jpg","thumbnail-image-url":"https:\/\/websitedemos.net\/wp-content\/uploads\/2021\/05\/steak-house-02-home.jpg","fullpage-thumbnail-image-url":"https:\/\/websitedemos.net\/wp-content\/uploads\/2021\/05\/steak-house-02-home.jpg","astra-site-url":"\/\/websitedemos.net\/steak-house-02","astra-site-parent-id":2053,"astra-sites-tag":{"2071":"chef-restaurant","336":"food","2068":"food-and-drinks","2067":"food-and-restaurant","2070":"food-house","350":"hotel","2069":"non-vegetarian-restaurant","335":"restaurant","2072":"steak-house"},"astra-sites-type":"free","astra-site-category":{"27":"business","39":"free"},"astra-site-page-builder":"elementor","categories":{"2496":"restaurant-food"},"required-plugins":[{"slug":"elementor","init":"elementor\/elementor.php","name":"Elementor"},{"slug":"wpforms-lite","init":"wpforms-lite\/wpforms.php","name":"WPForms Lite"}],"pages":{"id-57909":{"title":"Menu","featured-image-url":"","thumbnail-image-url":"","astra-page-api-url":"https:\/\/websitedemos.net\/steak-house-02\/wp-json\/wp\/v2\/pages\/106","dynamic-page":"no","astra-page-url":"\/\/websitedemos.net\/steak-house-02\/menu\/","astra-sites-tag":[],"site-pages-type":[],"site-pages-page-builder":"gutenberg","site-pages-category":[],"site-pages-parent-category":[],"required-plugins":""},"id-57907":{"title":"Contact","featured-image-url":"","thumbnail-image-url":"","astra-page-api-url":"https:\/\/websitedemos.net\/steak-house-02\/wp-json\/wp\/v2\/pages\/107","dynamic-page":"no","astra-page-url":"\/\/websitedemos.net\/steak-house-02\/contact\/","astra-sites-tag":[],"site-pages-type":[],"site-pages-page-builder":"gutenberg","site-pages-category":[],"site-pages-parent-category":[],"required-plugins":""},"id-57908":{"title":"Home","featured-image-url":"","thumbnail-image-url":"","astra-page-api-url":"https:\/\/websitedemos.net\/steak-house-02\/wp-json\/wp\/v2\/pages\/6","dynamic-page":"no","astra-page-url":"\/\/websitedemos.net\/steak-house-02\/","astra-sites-tag":[],"site-pages-type":[],"site-pages-page-builder":"gutenberg","site-pages-category":[],"site-pages-parent-category":[],"required-plugins":""},"id-57906":{"title":"About","featured-image-url":"","thumbnail-image-url":"","astra-page-api-url":"https:\/\/websitedemos.net\/steak-house-02\/wp-json\/wp\/v2\/pages\/105","dynamic-page":"no","astra-page-url":"\/\/websitedemos.net\/steak-house-02\/about\/","astra-sites-tag":[],"site-pages-type":[],"site-pages-page-builder":"gutenberg","site-pages-category":[],"site-pages-parent-category":[],"required-plugins":""},"id-55173":{"title":"About","featured-image-url":"https:\/\/websitedemos.net\/wp-content\/uploads\/2021\/05\/steak-house-02-about.jpg","thumbnail-image-url":"https:\/\/websitedemos.net\/wp-content\/uploads\/2021\/05\/steak-house-02-about.jpg","astra-page-api-url":"https:\/\/websitedemos.net\/steak-house-02\/wp-json\/wp\/v2\/pages\/105","dynamic-page":"no","astra-page-url":"\/\/websitedemos.net\/steak-house-02\/about\/","astra-sites-tag":{"352":"about"},"site-pages-type":"free","site-pages-page-builder":"elementor","site-pages-category":[],"site-pages-parent-category":{"60":"business","61":"free"},"required-plugins":[{"slug":"elementor","init":"elementor\/elementor.php","name":"Elementor"}]},"id-55174":{"title":"Contact","featured-image-url":"https:\/\/websitedemos.net\/wp-content\/uploads\/2021\/05\/steak-house-02-contact.jpg","thumbnail-image-url":"https:\/\/websitedemos.net\/wp-content\/uploads\/2021\/05\/steak-house-02-contact.jpg","astra-page-api-url":"https:\/\/websitedemos.net\/steak-house-02\/wp-json\/wp\/v2\/pages\/107","dynamic-page":"no","astra-page-url":"\/\/websitedemos.net\/steak-house-02\/contact\/","astra-sites-tag":{"415":"contact"},"site-pages-type":"free","site-pages-page-builder":"elementor","site-pages-category":[],"site-pages-parent-category":{"60":"business","61":"free"},"required-plugins":[{"slug":"elementor","init":"elementor\/elementor.php","name":"Elementor"},{"slug":"wpforms-lite","init":"wpforms-lite\/wpforms.php","name":"WPForms Lite"}]},"id-55175":{"title":"Home","featured-image-url":"https:\/\/websitedemos.net\/wp-content\/uploads\/2021\/05\/steak-house-02-home.jpg","thumbnail-image-url":"https:\/\/websitedemos.net\/wp-content\/uploads\/2021\/05\/steak-house-02-home.jpg","astra-page-api-url":"https:\/\/websitedemos.net\/steak-house-02\/wp-json\/wp\/v2\/pages\/6","dynamic-page":"no","astra-page-url":"\/\/websitedemos.net\/steak-house-02\/","astra-sites-tag":{"423":"home"},"site-pages-type":"free","site-pages-page-builder":"elementor","site-pages-category":[],"site-pages-parent-category":{"60":"business","61":"free"},"required-plugins":[{"slug":"elementor","init":"elementor\/elementor.php","name":"Elementor"}]},"id-55176":{"title":"Menu","featured-image-url":"https:\/\/websitedemos.net\/wp-content\/uploads\/2021\/05\/steak-house-02-menu.jpg","thumbnail-image-url":"https:\/\/websitedemos.net\/wp-content\/uploads\/2021\/05\/steak-house-02-menu.jpg","astra-page-api-url":"https:\/\/websitedemos.net\/steak-house-02\/wp-json\/wp\/v2\/pages\/106","dynamic-page":"no","astra-page-url":"\/\/websitedemos.net\/steak-house-02\/menu\/","astra-sites-tag":{"1579":"food-menu","565":"menu"},"site-pages-type":"free","site-pages-page-builder":"elementor","site-pages-category":[],"site-pages-parent-category":{"60":"business","61":"free"},"required-plugins":[{"slug":"elementor","init":"elementor\/elementor.php","name":"Elementor"}]}}},"id-54338":{"title":"Steak House","id":54338,"publish-date":1620833417,"featured-image-url":"https:\/\/websitedemos.net\/wp-content\/uploads\/2021\/05\/steak-house-08-home.jpg","thumbnail-image-url":"https:\/\/websitedemos.net\/wp-content\/uploads\/2021\/05\/steak-house-08-home.jpg","fullpage-thumbnail-image-url":"https:\/\/websitedemos.net\/wp-content\/uploads\/2021\/05\/steak-house-08-home.jpg","astra-site-url":"\/\/websitedemos.net\/steak-house-08","astra-site-parent-id":2025,"astra-sites-tag":{"2071":"chef-restaurant","336":"food","2068":"food-and-drinks","2067":"food-and-restaurant","2070":"food-house","350":"hotel","2069":"non-vegetarian-restaurant","335":"restaurant","2072":"steak-house"},"astra-sites-type":"free","astra-site-category":{"27":"business","39":"free"},"astra-site-page-builder":"gutenberg","categories":{"2496":"restaurant-food"},"required-plugins":[{"slug":"wpforms-lite","init":"wpforms-lite\/wpforms.php","name":"WPForms Lite"}],"pages":{"id-54341":{"title":"Home","featured-image-url":"https:\/\/websitedemos.net\/wp-content\/uploads\/2021\/05\/steak-house-08-home.jpg","thumbnail-image-url":"https:\/\/websitedemos.net\/wp-content\/uploads\/2021\/05\/steak-house-08-home.jpg","astra-page-api-url":"https:\/\/websitedemos.net\/steak-house-08\/wp-json\/wp\/v2\/pages\/10","dynamic-page":"no","astra-page-url":"\/\/websitedemos.net\/steak-house-08\/","astra-sites-tag":{"423":"home"},"site-pages-type":"free","site-pages-page-builder":"gutenberg","site-pages-category":[],"site-pages-parent-category":{"60":"business","61":"free"},"required-plugins":[]},"id-54339":{"title":"About","featured-image-url":"https:\/\/websitedemos.net\/wp-content\/uploads\/2021\/05\/steak-house-08-about.jpg","thumbnail-image-url":"https:\/\/websitedemos.net\/wp-content\/uploads\/2021\/05\/steak-house-08-about.jpg","astra-page-api-url":"https:\/\/websitedemos.net\/steak-house-08\/wp-json\/wp\/v2\/pages\/12","dynamic-page":"no","astra-page-url":"\/\/websitedemos.net\/steak-house-08\/about\/","astra-sites-tag":{"352":"about"},"site-pages-type":"free","site-pages-page-builder":"gutenberg","site-pages-category":[],"site-pages-parent-category":{"60":"business","61":"free"},"required-plugins":[]},"id-54340":{"title":"Contact","featured-image-url":"https:\/\/websitedemos.net\/wp-content\/uploads\/2021\/05\/steak-house-08-contact.jpg","thumbnail-image-url":"https:\/\/websitedemos.net\/wp-content\/uploads\/2021\/05\/steak-house-08-contact.jpg","astra-page-api-url":"https:\/\/websitedemos.net\/steak-house-08\/wp-json\/wp\/v2\/pages\/14","dynamic-page":"no","astra-page-url":"\/\/websitedemos.net\/steak-house-08\/contact\/","astra-sites-tag":{"415":"contact"},"site-pages-type":"free","site-pages-page-builder":"gutenberg","site-pages-category":[],"site-pages-parent-category":{"60":"business","61":"free"},"required-plugins":[{"slug":"wpforms-lite","init":"wpforms-lite\/wpforms.php","name":"WPForms Lite"}]},"id-54342":{"title":"Menu","featured-image-url":"https:\/\/websitedemos.net\/wp-content\/uploads\/2021\/05\/steak-house-08-menu.jpg","thumbnail-image-url":"https:\/\/websitedemos.net\/wp-content\/uploads\/2021\/05\/steak-house-08-menu.jpg","astra-page-api-url":"https:\/\/websitedemos.net\/steak-house-08\/wp-json\/wp\/v2\/pages\/13","dynamic-page":"no","astra-page-url":"\/\/websitedemos.net\/steak-house-08\/menu\/","astra-sites-tag":{"1579":"food-menu","565":"menu"},"site-pages-type":"free","site-pages-page-builder":"gutenberg","site-pages-category":[],"site-pages-parent-category":{"60":"business","61":"free"},"required-plugins":[]}}},"id-57057":{"title":"Business Blog","id":57057,"publish-date":1626458028,"featured-image-url":"https:\/\/websitedemos.net\/wp-content\/uploads\/2021\/07\/business-blog-04-home.jpg","thumbnail-image-url":"https:\/\/websitedemos.net\/wp-content\/uploads\/2021\/07\/business-blog-04-home.jpg","fullpage-thumbnail-image-url":"https:\/\/websitedemos.net\/wp-content\/uploads\/2021\/07\/business-blog-04-home.jpg","astra-site-url":"\/\/websitedemos.net\/business-blog-04","astra-site-parent-id":2262,"astra-sites-tag":{"480":"blog","2275":"business-blog","2277":"business-magazine","2276":"business-news","2273":"editorial","2274":"magazine","2271":"news","2272":"publishing","2278":"publishing-house"},"astra-sites-type":"agency-mini","astra-site-category":{"37":"blog"},"astra-site-page-builder":"elementor","categories":{"2497":"blog"},"required-plugins":[{"slug":"elementor","init":"elementor\/elementor.php","name":"Elementor"},{"slug":"header-footer-elementor","init":"header-footer-elementor\/header-footer-elementor.php","name":"Elementor Header & Footer Builder"},{"slug":"ultimate-elementor","init":"ultimate-elementor\/ultimate-elementor.php","name":"Ultimate Addons for Elementor"},{"slug":"wpforms-lite","init":"wpforms-lite\/wpforms.php","name":"WPForms Lite"}],"pages":{"id-57058":{"title":"About","featured-image-url":"https:\/\/websitedemos.net\/wp-content\/uploads\/2021\/07\/business-blog-04-about.jpg","thumbnail-image-url":"https:\/\/websitedemos.net\/wp-content\/uploads\/2021\/07\/business-blog-04-about.jpg","astra-page-api-url":"https:\/\/websitedemos.net\/business-blog-04\/wp-json\/wp\/v2\/pages\/649","dynamic-page":"no","astra-page-url":"\/\/websitedemos.net\/business-blog-04\/about\/","astra-sites-tag":{"352":"about"},"site-pages-type":"agency-mini","site-pages-page-builder":"elementor","site-pages-category":[],"site-pages-parent-category":{"74":"blog"},"required-plugins":[{"slug":"elementor","init":"elementor\/elementor.php","name":"Elementor"}]},"id-57059":{"title":"Contact","featured-image-url":"https:\/\/websitedemos.net\/wp-content\/uploads\/2021\/07\/business-blog-04-contact.jpg","thumbnail-image-url":"https:\/\/websitedemos.net\/wp-content\/uploads\/2021\/07\/business-blog-04-contact.jpg","astra-page-api-url":"https:\/\/websitedemos.net\/business-blog-04\/wp-json\/wp\/v2\/pages\/773","dynamic-page":"no","astra-page-url":"\/\/websitedemos.net\/business-blog-04\/contact\/","astra-sites-tag":{"415":"contact"},"site-pages-type":"agency-mini","site-pages-page-builder":"elementor","site-pages-category":[],"site-pages-parent-category":{"74":"blog"},"required-plugins":[{"slug":"elementor","init":"elementor\/elementor.php","name":"Elementor"}]},"id-57060":{"title":"Home","featured-image-url":"https:\/\/websitedemos.net\/wp-content\/uploads\/2021\/07\/business-blog-04-home.jpg","thumbnail-image-url":"https:\/\/websitedemos.net\/wp-content\/uploads\/2021\/07\/business-blog-04-home.jpg","astra-page-api-url":"https:\/\/websitedemos.net\/business-blog-04\/wp-json\/wp\/v2\/pages\/9","dynamic-page":"yes","astra-page-url":"\/\/websitedemos.net\/business-blog-04\/","astra-sites-tag":{"423":"home"},"site-pages-type":"agency-mini","site-pages-page-builder":"elementor","site-pages-category":[],"site-pages-parent-category":{"74":"blog"},"required-plugins":[{"slug":"elementor","init":"elementor\/elementor.php","name":"Elementor"},{"slug":"ultimate-elementor","init":"ultimate-elementor\/ultimate-elementor.php","name":"Ultimate Addons for Elementor"},{"slug":"wpforms-lite","init":"wpforms-lite\/wpforms.php","name":"WPForms Lite"}]},"id-57061":{"title":"Interactive Sessions","featured-image-url":"https:\/\/websitedemos.net\/wp-content\/uploads\/2021\/07\/business-blog-04-sessions.jpg","thumbnail-image-url":"https:\/\/websitedemos.net\/wp-content\/uploads\/2021\/07\/business-blog-04-sessions.jpg","astra-page-api-url":"https:\/\/websitedemos.net\/business-blog-04\/wp-json\/wp\/v2\/pages\/839","dynamic-page":"no","astra-page-url":"\/\/websitedemos.net\/business-blog-04\/interactive-sessions\/","astra-sites-tag":{"2270":"podcasts","1872":"sessions"},"site-pages-type":"agency-mini","site-pages-page-builder":"elementor","site-pages-category":[],"site-pages-parent-category":{"74":"blog"},"required-plugins":[{"slug":"elementor","init":"elementor\/elementor.php","name":"Elementor"}]}}},"id-57416":{"title":"Business Blog","id":57416,"publish-date":1630403198,"featured-image-url":"https:\/\/websitedemos.net\/wp-content\/uploads\/2021\/07\/business-blog-04-home.jpg","thumbnail-image-url":"https:\/\/websitedemos.net\/wp-content\/uploads\/2021\/07\/business-blog-04-home.jpg","fullpage-thumbnail-image-url":"https:\/\/websitedemos.net\/wp-content\/uploads\/2021\/07\/business-blog-04-home.jpg","astra-site-url":"\/\/websitedemos.net\/business-blog-03","astra-site-parent-id":2341,"astra-sites-tag":{"480":"blog","2275":"business-blog","2277":"business-magazine","2276":"business-news","2273":"editorial","2274":"magazine","2271":"news","2272":"publishing","2278":"publishing-house"},"astra-sites-type":"agency-mini","astra-site-category":{"37":"blog"},"astra-site-page-builder":"beaver-builder","categories":{"2497":"blog"},"required-plugins":[{"slug":"beaver-builder-lite-version","init":"beaver-builder-lite-version\/fl-builder.php","name":"Beaver Builder Plugin (Lite Version)"},{"slug":"bb-ultimate-addon","init":"bb-ultimate-addon\/bb-ultimate-addon.php","name":"Ultimate Addons for Beaver Builder"},{"slug":"wpforms-lite","init":"wpforms-lite\/wpforms.php","name":"WPForms Lite"}],"pages":{"id-57420":{"title":"Interactive Sessions","featured-image-url":"https:\/\/websitedemos.net\/wp-content\/uploads\/2021\/07\/business-blog-04-sessions.jpg","thumbnail-image-url":"https:\/\/websitedemos.net\/wp-content\/uploads\/2021\/07\/business-blog-04-sessions.jpg","astra-page-api-url":"https:\/\/websitedemos.net\/business-blog-03\/wp-json\/wp\/v2\/pages\/1329","dynamic-page":"no","astra-page-url":"\/\/websitedemos.net\/business-blog-03\/interactive-sessions\/","astra-sites-tag":{"2342":"interactive-session","2343":"session"},"site-pages-type":"agency-mini","site-pages-page-builder":"beaver-builder","site-pages-category":[],"site-pages-parent-category":{"74":"blog"},"required-plugins":[{"slug":"beaver-builder-lite-version","init":"beaver-builder-lite-version\/fl-builder.php","name":"Beaver Builder Plugin (Lite Version)"},{"slug":"bb-ultimate-addon","init":"bb-ultimate-addon\/bb-ultimate-addon.php","name":"Ultimate Addons for Beaver Builder"},{"slug":"wpforms-lite","init":"wpforms-lite\/wpforms.php","name":"WPForms Lite"}]},"id-57417":{"title":"About Us","featured-image-url":"https:\/\/websitedemos.net\/wp-content\/uploads\/2021\/07\/business-blog-04-about.jpg","thumbnail-image-url":"https:\/\/websitedemos.net\/wp-content\/uploads\/2021\/07\/business-blog-04-about.jpg","astra-page-api-url":"https:\/\/websitedemos.net\/business-blog-03\/wp-json\/wp\/v2\/pages\/1323","dynamic-page":"no","astra-page-url":"\/\/websitedemos.net\/business-blog-03\/about\/","astra-sites-tag":{"352":"about"},"site-pages-type":"agency-mini","site-pages-page-builder":"beaver-builder","site-pages-category":[],"site-pages-parent-category":{"74":"blog"},"required-plugins":[{"slug":"beaver-builder-lite-version","init":"beaver-builder-lite-version\/fl-builder.php","name":"Beaver Builder Plugin (Lite Version)"},{"slug":"bb-ultimate-addon","init":"bb-ultimate-addon\/bb-ultimate-addon.php","name":"Ultimate Addons for Beaver Builder"},{"slug":"wpforms-lite","init":"wpforms-lite\/wpforms.php","name":"WPForms Lite"}]},"id-57418":{"title":"Contact Us","featured-image-url":"https:\/\/websitedemos.net\/wp-content\/uploads\/2021\/07\/business-blog-04-contact.jpg","thumbnail-image-url":"https:\/\/websitedemos.net\/wp-content\/uploads\/2021\/07\/business-blog-04-contact.jpg","astra-page-api-url":"https:\/\/websitedemos.net\/business-blog-03\/wp-json\/wp\/v2\/pages\/1325","dynamic-page":"no","astra-page-url":"\/\/websitedemos.net\/business-blog-03\/contact\/","astra-sites-tag":{"415":"contact"},"site-pages-type":"agency-mini","site-pages-page-builder":"beaver-builder","site-pages-category":[],"site-pages-parent-category":{"74":"blog"},"required-plugins":[{"slug":"beaver-builder-lite-version","init":"beaver-builder-lite-version\/fl-builder.php","name":"Beaver Builder Plugin (Lite Version)"},{"slug":"bb-ultimate-addon","init":"bb-ultimate-addon\/bb-ultimate-addon.php","name":"Ultimate Addons for Beaver Builder"},{"slug":"wpforms-lite","init":"wpforms-lite\/wpforms.php","name":"WPForms Lite"}]},"id-57419":{"title":"Home","featured-image-url":"https:\/\/websitedemos.net\/wp-content\/uploads\/2021\/07\/business-blog-04-home.jpg","thumbnail-image-url":"https:\/\/websitedemos.net\/wp-content\/uploads\/2021\/07\/business-blog-04-home.jpg","astra-page-api-url":"https:\/\/websitedemos.net\/business-blog-03\/wp-json\/wp\/v2\/pages\/1327","dynamic-page":"no","astra-page-url":"\/\/websitedemos.net\/business-blog-03\/","astra-sites-tag":{"423":"home"},"site-pages-type":"agency-mini","site-pages-page-builder":"beaver-builder","site-pages-category":[],"site-pages-parent-category":{"74":"blog"},"required-plugins":[{"slug":"beaver-builder-lite-version","init":"beaver-builder-lite-version\/fl-builder.php","name":"Beaver Builder Plugin (Lite Version)"},{"slug":"bb-ultimate-addon","init":"bb-ultimate-addon\/bb-ultimate-addon.php","name":"Ultimate Addons for Beaver Builder"},{"slug":"wpforms-lite","init":"wpforms-lite\/wpforms.php","name":"WPForms Lite"}]}}},"id-57178":{"title":"Painter Artist","id":57178,"publish-date":1627044188,"featured-image-url":"https:\/\/websitedemos.net\/wp-content\/uploads\/2021\/07\/painter-artist-04-home.jpg","thumbnail-image-url":"https:\/\/websitedemos.net\/wp-content\/uploads\/2021\/07\/painter-artist-04-home.jpg","fullpage-thumbnail-image-url":"https:\/\/websitedemos.net\/wp-content\/uploads\/2021\/07\/painter-artist-04-home.jpg","astra-site-url":"\/\/websitedemos.net\/painter-artist-04","astra-site-parent-id":2281,"astra-sites-tag":{"339":"artist","2299":"artist-portfolio","2298":"artwork-portfolio","2297":"designer-portfolio","2296":"graphic-designers","2295":"illustrator","614":"painter","2284":"painter-artist","2283":"painting-store","444":"portfolio"},"astra-sites-type":"agency-mini","astra-site-category":{"38":"ecommerce"},"astra-site-page-builder":"elementor","categories":{"2488":"portfolio"},"required-plugins":[{"slug":"elementor","init":"elementor\/elementor.php","name":"Elementor"},{"slug":"header-footer-elementor","init":"header-footer-elementor\/header-footer-elementor.php","name":"Elementor Header & Footer Builder"},{"slug":"wpforms-lite","init":"wpforms-lite\/wpforms.php","name":"WPForms Lite"},{"slug":"woocommerce","init":"woocommerce\/woocommerce.php","name":"WooCommerce"}],"pages":{"id-57179":{"title":"About","featured-image-url":"https:\/\/websitedemos.net\/wp-content\/uploads\/2021\/07\/painter-artist-04-about.jpg","thumbnail-image-url":"https:\/\/websitedemos.net\/wp-content\/uploads\/2021\/07\/painter-artist-04-about.jpg","astra-page-api-url":"https:\/\/websitedemos.net\/painter-artist-04\/wp-json\/wp\/v2\/pages\/465","dynamic-page":"no","astra-page-url":"\/\/websitedemos.net\/painter-artist-04\/about\/","astra-sites-tag":{"352":"about"},"site-pages-type":"agency-mini","site-pages-page-builder":"elementor","site-pages-category":[],"site-pages-parent-category":{"64":"ecommerce"},"required-plugins":[{"slug":"elementor","init":"elementor\/elementor.php","name":"Elementor"}]},"id-57180":{"title":"Artwork","featured-image-url":"https:\/\/websitedemos.net\/wp-content\/uploads\/2021\/07\/painter-artist-04-artworks.jpg","thumbnail-image-url":"https:\/\/websitedemos.net\/wp-content\/uploads\/2021\/07\/painter-artist-04-artworks.jpg","astra-page-api-url":"https:\/\/websitedemos.net\/painter-artist-04\/wp-json\/wp\/v2\/pages\/466","dynamic-page":"no","astra-page-url":"\/\/websitedemos.net\/painter-artist-04\/artwork\/","astra-sites-tag":{"2294":"artworks","444":"portfolio","451":"work"},"site-pages-type":"agency-mini","site-pages-page-builder":"elementor","site-pages-category":[],"site-pages-parent-category":{"64":"ecommerce"},"required-plugins":[{"slug":"elementor","init":"elementor\/elementor.php","name":"Elementor"}]},"id-57181":{"title":"Contact","featured-image-url":"https:\/\/websitedemos.net\/wp-content\/uploads\/2021\/07\/painter-artist-04-contact.jpg","thumbnail-image-url":"https:\/\/websitedemos.net\/wp-content\/uploads\/2021\/07\/painter-artist-04-contact.jpg","astra-page-api-url":"https:\/\/websitedemos.net\/painter-artist-04\/wp-json\/wp\/v2\/pages\/468","dynamic-page":"no","astra-page-url":"\/\/websitedemos.net\/painter-artist-04\/contact\/","astra-sites-tag":{"415":"contact"},"site-pages-type":"agency-mini","site-pages-page-builder":"elementor","site-pages-category":[],"site-pages-parent-category":{"64":"ecommerce"},"required-plugins":[{"slug":"elementor","init":"elementor\/elementor.php","name":"Elementor"},{"slug":"wpforms-lite","init":"wpforms-lite\/wpforms.php","name":"WPForms Lite"}]},"id-57182":{"title":"Exhibitions","featured-image-url":"https:\/\/websitedemos.net\/wp-content\/uploads\/2021\/07\/painter-artist-04-exhibitions.jpg","thumbnail-image-url":"https:\/\/websitedemos.net\/wp-content\/uploads\/2021\/07\/painter-artist-04-exhibitions.jpg","astra-page-api-url":"https:\/\/websitedemos.net\/painter-artist-04\/wp-json\/wp\/v2\/pages\/467","dynamic-page":"no","astra-page-url":"\/\/websitedemos.net\/painter-artist-04\/exhibitions\/","astra-sites-tag":{"2293":"exhibitions"},"site-pages-type":"agency-mini","site-pages-page-builder":"elementor","site-pages-category":[],"site-pages-parent-category":{"64":"ecommerce"},"required-plugins":[{"slug":"elementor","init":"elementor\/elementor.php","name":"Elementor"}]},"id-57183":{"title":"Home","featured-image-url":"https:\/\/websitedemos.net\/wp-content\/uploads\/2021\/07\/painter-artist-04-home.jpg","thumbnail-image-url":"https:\/\/websitedemos.net\/wp-content\/uploads\/2021\/07\/painter-artist-04-home.jpg","astra-page-api-url":"https:\/\/websitedemos.net\/painter-artist-04\/wp-json\/wp\/v2\/pages\/18","dynamic-page":"no","astra-page-url":"\/\/websitedemos.net\/painter-artist-04\/","astra-sites-tag":{"423":"home"},"site-pages-type":"agency-mini","site-pages-page-builder":"elementor","site-pages-category":[],"site-pages-parent-category":{"64":"ecommerce"},"required-plugins":[{"slug":"elementor","init":"elementor\/elementor.php","name":"Elementor"}]}}},"id-54398":{"title":"Digital Agency","id":54398,"publish-date":1621455198,"featured-image-url":"https:\/\/websitedemos.net\/wp-content\/uploads\/2021\/05\/digital-agency-02-home.jpg","thumbnail-image-url":"https:\/\/websitedemos.net\/wp-content\/uploads\/2021\/05\/digital-agency-02-home.jpg","fullpage-thumbnail-image-url":"https:\/\/websitedemos.net\/wp-content\/uploads\/2021\/05\/digital-agency-02-home.jpg","astra-site-url":"\/\/websitedemos.net\/digital-agency-02","astra-site-parent-id":2029,"astra-sites-tag":{"1587":"advertising-agency","663":"agency","2050":"business-consulting-company","2037":"design-agency","2048":"design-studio","2039":"digital-agency","2036":"digital-marketing-firm","2040":"firm","2049":"graphic-design-studio","2038":"it-services","1588":"marketing-agency","2035":"marketing-services","1762":"software-company"},"astra-sites-type":"free","astra-site-category":{"27":"business","39":"free"},"astra-site-page-builder":"elementor","categories":{"2487":"agency"},"required-plugins":[{"slug":"elementor","init":"elementor\/elementor.php","name":"Elementor"},{"slug":"wpforms-lite","init":"wpforms-lite\/wpforms.php","name":"WPForms Lite"}],"pages":{"id-54400":{"title":"Contact","featured-image-url":"https:\/\/websitedemos.net\/wp-content\/uploads\/2021\/05\/digital-agency-02-contact.jpg","thumbnail-image-url":"https:\/\/websitedemos.net\/wp-content\/uploads\/2021\/05\/digital-agency-02-contact.jpg","astra-page-api-url":"https:\/\/websitedemos.net\/digital-agency-02\/wp-json\/wp\/v2\/pages\/114","dynamic-page":"no","astra-page-url":"\/\/websitedemos.net\/digital-agency-02\/contact\/","astra-sites-tag":{"415":"contact"},"site-pages-type":"free","site-pages-page-builder":"elementor","site-pages-category":[],"site-pages-parent-category":{"60":"business","61":"free"},"required-plugins":[{"slug":"elementor","init":"elementor\/elementor.php","name":"Elementor"},{"slug":"wpforms-lite","init":"wpforms-lite\/wpforms.php","name":"WPForms Lite"}]},"id-54399":{"title":"About","featured-image-url":"https:\/\/websitedemos.net\/wp-content\/uploads\/2021\/05\/digital-agency-02-about-1.jpg","thumbnail-image-url":"https:\/\/websitedemos.net\/wp-content\/uploads\/2021\/05\/digital-agency-02-about-1.jpg","astra-page-api-url":"https:\/\/websitedemos.net\/digital-agency-02\/wp-json\/wp\/v2\/pages\/113","dynamic-page":"no","astra-page-url":"\/\/websitedemos.net\/digital-agency-02\/about\/","astra-sites-tag":{"352":"about"},"site-pages-type":"free","site-pages-page-builder":"elementor","site-pages-category":[],"site-pages-parent-category":{"60":"business","61":"free"},"required-plugins":[{"slug":"elementor","init":"elementor\/elementor.php","name":"Elementor"}]},"id-54402":{"title":"Services","featured-image-url":"https:\/\/websitedemos.net\/wp-content\/uploads\/2021\/05\/digital-agency-02-services.jpg","thumbnail-image-url":"https:\/\/websitedemos.net\/wp-content\/uploads\/2021\/05\/digital-agency-02-services.jpg","astra-page-api-url":"https:\/\/websitedemos.net\/digital-agency-02\/wp-json\/wp\/v2\/pages\/112","dynamic-page":"no","astra-page-url":"\/\/websitedemos.net\/digital-agency-02\/services\/","astra-sites-tag":{"425":"services"},"site-pages-type":"free","site-pages-page-builder":"elementor","site-pages-category":[],"site-pages-parent-category":{"60":"business","61":"free"},"required-plugins":[{"slug":"elementor","init":"elementor\/elementor.php","name":"Elementor"}]},"id-54401":{"title":"Home","featured-image-url":"https:\/\/websitedemos.net\/wp-content\/uploads\/2021\/05\/digital-agency-02-home.jpg","thumbnail-image-url":"https:\/\/websitedemos.net\/wp-content\/uploads\/2021\/05\/digital-agency-02-home.jpg","astra-page-api-url":"https:\/\/websitedemos.net\/digital-agency-02\/wp-json\/wp\/v2\/pages\/6","dynamic-page":"no","astra-page-url":"\/\/websitedemos.net\/digital-agency-02\/","astra-sites-tag":{"423":"home"},"site-pages-type":"free","site-pages-page-builder":"elementor","site-pages-category":[],"site-pages-parent-category":{"60":"business","61":"free"},"required-plugins":[{"slug":"elementor","init":"elementor\/elementor.php","name":"Elementor"},{"slug":"wpforms-lite","init":"wpforms-lite\/wpforms.php","name":"WPForms Lite"}]}}},"id-54463":{"title":"Digital Agency","id":54463,"publish-date":1621459243,"featured-image-url":"https:\/\/websitedemos.net\/wp-content\/uploads\/2021\/05\/digital-agency-08.jpg","thumbnail-image-url":"https:\/\/websitedemos.net\/wp-content\/uploads\/2021\/05\/digital-agency-08.jpg","fullpage-thumbnail-image-url":"https:\/\/websitedemos.net\/wp-content\/uploads\/2021\/05\/digital-agency-08.jpg","astra-site-url":"\/\/websitedemos.net\/digital-agency-08","astra-site-parent-id":2051,"astra-sites-tag":{"1587":"advertising-agency","663":"agency","2050":"business-consulting-company","2037":"design-agency","2048":"design-studio","2039":"digital-agency","2036":"digital-marketing-firm","2040":"firm","2049":"graphic-design-studio","2038":"it-services","1588":"marketing-agency","2035":"marketing-services","1762":"software-company"},"astra-sites-type":"free","astra-site-category":{"27":"business","39":"free"},"astra-site-page-builder":"gutenberg","categories":{"2487":"agency"},"required-plugins":[{"slug":"wpforms-lite","init":"wpforms-lite\/wpforms.php","name":"WPForms Lite"}],"pages":{"id-54464":{"title":"About Us","featured-image-url":"https:\/\/websitedemos.net\/wp-content\/uploads\/2021\/05\/digital-agency-08-about-us-1.jpg","thumbnail-image-url":"https:\/\/websitedemos.net\/wp-content\/uploads\/2021\/05\/digital-agency-08-about-us-1.jpg","astra-page-api-url":"https:\/\/websitedemos.net\/digital-agency-08\/wp-json\/wp\/v2\/pages\/139","dynamic-page":"no","astra-page-url":"\/\/websitedemos.net\/digital-agency-08\/about-us\/","astra-sites-tag":{"352":"about"},"site-pages-type":"free","site-pages-page-builder":"gutenberg","site-pages-category":[],"site-pages-parent-category":{"60":"business","61":"free"},"required-plugins":[]},"id-54465":{"title":"Contact","featured-image-url":"https:\/\/websitedemos.net\/wp-content\/uploads\/2021\/05\/digital-agency-08-contact.jpg","thumbnail-image-url":"https:\/\/websitedemos.net\/wp-content\/uploads\/2021\/05\/digital-agency-08-contact.jpg","astra-page-api-url":"https:\/\/websitedemos.net\/digital-agency-08\/wp-json\/wp\/v2\/pages\/141","dynamic-page":"no","astra-page-url":"\/\/websitedemos.net\/digital-agency-08\/contact\/","astra-sites-tag":{"415":"contact"},"site-pages-type":"free","site-pages-page-builder":"gutenberg","site-pages-category":[],"site-pages-parent-category":{"60":"business","61":"free"},"required-plugins":[{"slug":"wpforms-lite","init":"wpforms-lite\/wpforms.php","name":"WPForms Lite"}]},"id-54466":{"title":"Home","featured-image-url":"https:\/\/websitedemos.net\/wp-content\/uploads\/2021\/05\/digital-agency-08.jpg","thumbnail-image-url":"https:\/\/websitedemos.net\/wp-content\/uploads\/2021\/05\/digital-agency-08.jpg","astra-page-api-url":"https:\/\/websitedemos.net\/digital-agency-08\/wp-json\/wp\/v2\/pages\/135","dynamic-page":"no","astra-page-url":"\/\/websitedemos.net\/digital-agency-08\/","astra-sites-tag":{"423":"home"},"site-pages-type":"free","site-pages-page-builder":"gutenberg","site-pages-category":[],"site-pages-parent-category":{"60":"business","61":"free"},"required-plugins":[{"slug":"wpforms-lite","init":"wpforms-lite\/wpforms.php","name":"WPForms Lite"}]},"id-54467":{"title":"Services","featured-image-url":"https:\/\/websitedemos.net\/wp-content\/uploads\/2021\/05\/digital-agency-08-services.jpg","thumbnail-image-url":"https:\/\/websitedemos.net\/wp-content\/uploads\/2021\/05\/digital-agency-08-services.jpg","astra-page-api-url":"https:\/\/websitedemos.net\/digital-agency-08\/wp-json\/wp\/v2\/pages\/137","dynamic-page":"no","astra-page-url":"\/\/websitedemos.net\/digital-agency-08\/services\/","astra-sites-tag":{"425":"services"},"site-pages-type":"free","site-pages-page-builder":"gutenberg","site-pages-category":[],"site-pages-parent-category":{"60":"business","61":"free"},"required-plugins":[]}}},"id-57122":{"title":"Business Consultancy Firm","id":57122,"publish-date":1627046837,"featured-image-url":"https:\/\/websitedemos.net\/wp-content\/uploads\/2021\/07\/business-consultancy-firm-04-home.jpg","thumbnail-image-url":"https:\/\/websitedemos.net\/wp-content\/uploads\/2021\/07\/business-consultancy-firm-04-home.jpg","fullpage-thumbnail-image-url":"https:\/\/websitedemos.net\/wp-content\/uploads\/2021\/07\/business-consultancy-firm-04-home.jpg","astra-site-url":"\/\/websitedemos.net\/business-consultancy-firm-04","astra-site-parent-id":2280,"astra-sites-tag":{"663":"agency","2285":"business-consultancy","2286":"business-consultancy-firm","2288":"business-consulting","2050":"business-consulting-company","979":"company","2287":"consultancy-services","2289":"financial-consulting","2292":"hr-consulting","2290":"sales-marketing","2291":"technology-consulting"},"astra-sites-type":"agency-mini","astra-site-category":{"27":"business"},"astra-site-page-builder":"elementor","categories":{"2483":"expert-services"},"required-plugins":[{"slug":"elementor","init":"elementor\/elementor.php","name":"Elementor"},{"slug":"wpforms-lite","init":"wpforms-lite\/wpforms.php","name":"WPForms Lite"}],"pages":{"id-57129":{"title":"HR Consulting","featured-image-url":"https:\/\/websitedemos.net\/wp-content\/uploads\/2021\/07\/business-consultancy-firm-04-hr-consulting.jpg","thumbnail-image-url":"https:\/\/websitedemos.net\/wp-content\/uploads\/2021\/07\/business-consultancy-firm-04-hr-consulting.jpg","astra-page-api-url":"https:\/\/websitedemos.net\/business-consultancy-firm-04\/wp-json\/wp\/v2\/pages\/42","dynamic-page":"no","astra-page-url":"\/\/websitedemos.net\/business-consultancy-firm-04\/hr-consulting\/","astra-sites-tag":{"2292":"hr-consulting","425":"services"},"site-pages-type":"agency-mini","site-pages-page-builder":"elementor","site-pages-category":[],"site-pages-parent-category":{"60":"business"},"required-plugins":[{"slug":"elementor","init":"elementor\/elementor.php","name":"Elementor"}]},"id-57131":{"title":"Productivity Improvement","featured-image-url":"https:\/\/websitedemos.net\/wp-content\/uploads\/2021\/07\/business-consultancy-firm-04-productivity-improvement.jpg","thumbnail-image-url":"https:\/\/websitedemos.net\/wp-content\/uploads\/2021\/07\/business-consultancy-firm-04-productivity-improvement.jpg","astra-page-api-url":"https:\/\/websitedemos.net\/business-consultancy-firm-04\/wp-json\/wp\/v2\/pages\/38","dynamic-page":"no","astra-page-url":"\/\/websitedemos.net\/business-consultancy-firm-04\/productivity-improvement\/","astra-sites-tag":{"2303":"productivity-improvement","425":"services"},"site-pages-type":"agency-mini","site-pages-page-builder":"elementor","site-pages-category":[],"site-pages-parent-category":{"60":"business"},"required-plugins":[{"slug":"elementor","init":"elementor\/elementor.php","name":"Elementor"}]},"id-57132":{"title":"Sales &amp; Marketing","featured-image-url":"https:\/\/websitedemos.net\/wp-content\/uploads\/2021\/07\/business-consultancy-firm-04-sales-marketing.jpg","thumbnail-image-url":"https:\/\/websitedemos.net\/wp-content\/uploads\/2021\/07\/business-consultancy-firm-04-sales-marketing.jpg","astra-page-api-url":"https:\/\/websitedemos.net\/business-consultancy-firm-04\/wp-json\/wp\/v2\/pages\/36","dynamic-page":"no","astra-page-url":"\/\/websitedemos.net\/business-consultancy-firm-04\/sales-marketing\/","astra-sites-tag":{"2301":"sales-marketing-2","425":"services"},"site-pages-type":"agency-mini","site-pages-page-builder":"elementor","site-pages-category":[],"site-pages-parent-category":{"60":"business"},"required-plugins":[{"slug":"elementor","init":"elementor\/elementor.php","name":"Elementor"}]},"id-57133":{"title":"Success Stories","featured-image-url":"https:\/\/websitedemos.net\/wp-content\/uploads\/2021\/07\/business-consultancy-firm-04-success-stories.jpg","thumbnail-image-url":"https:\/\/websitedemos.net\/wp-content\/uploads\/2021\/07\/business-consultancy-firm-04-success-stories.jpg","astra-page-api-url":"https:\/\/websitedemos.net\/business-consultancy-firm-04\/wp-json\/wp\/v2\/pages\/16","dynamic-page":"no","astra-page-url":"\/\/websitedemos.net\/business-consultancy-firm-04\/success-stories\/","astra-sites-tag":{"780":"case-studies","1615":"reviews","990":"success-stories","2302":"testimonial"},"site-pages-type":"agency-mini","site-pages-page-builder":"elementor","site-pages-category":[],"site-pages-parent-category":{"60":"business"},"required-plugins":[{"slug":"elementor","init":"elementor\/elementor.php","name":"Elementor"}]},"id-57134":{"title":"Technology Consulting","featured-image-url":"https:\/\/websitedemos.net\/wp-content\/uploads\/2021\/07\/business-consultancy-firm-04-technology-consulting.jpg","thumbnail-image-url":"https:\/\/websitedemos.net\/wp-content\/uploads\/2021\/07\/business-consultancy-firm-04-technology-consulting.jpg","astra-page-api-url":"https:\/\/websitedemos.net\/business-consultancy-firm-04\/wp-json\/wp\/v2\/pages\/40","dynamic-page":"no","astra-page-url":"\/\/websitedemos.net\/business-consultancy-firm-04\/technology-consulting\/","astra-sites-tag":{"425":"services","2291":"technology-consulting"},"site-pages-type":"agency-mini","site-pages-page-builder":"elementor","site-pages-category":[],"site-pages-parent-category":{"60":"business"},"required-plugins":[{"slug":"elementor","init":"elementor\/elementor.php","name":"Elementor"}]},"id-57135":{"title":"Training","featured-image-url":"https:\/\/websitedemos.net\/wp-content\/uploads\/2021\/07\/business-consultancy-firm-04-training.jpg","thumbnail-image-url":"https:\/\/websitedemos.net\/wp-content\/uploads\/2021\/07\/business-consultancy-firm-04-training.jpg","astra-page-api-url":"https:\/\/websitedemos.net\/business-consultancy-firm-04\/wp-json\/wp\/v2\/pages\/12","dynamic-page":"no","astra-page-url":"\/\/websitedemos.net\/business-consultancy-firm-04\/training\/","astra-sites-tag":{"721":"training"},"site-pages-type":"agency-mini","site-pages-page-builder":"elementor","site-pages-category":[],"site-pages-parent-category":{"60":"business"},"required-plugins":[{"slug":"elementor","init":"elementor\/elementor.php","name":"Elementor"}]},"id-57123":{"title":"About","featured-image-url":"https:\/\/websitedemos.net\/wp-content\/uploads\/2021\/07\/business-consultancy-firm-04-about.jpg","thumbnail-image-url":"https:\/\/websitedemos.net\/wp-content\/uploads\/2021\/07\/business-consultancy-firm-04-about.jpg","astra-page-api-url":"https:\/\/websitedemos.net\/business-consultancy-firm-04\/wp-json\/wp\/v2\/pages\/18","dynamic-page":"no","astra-page-url":"\/\/websitedemos.net\/business-consultancy-firm-04\/about\/","astra-sites-tag":{"352":"about"},"site-pages-type":"agency-mini","site-pages-page-builder":"elementor","site-pages-category":[],"site-pages-parent-category":{"60":"business"},"required-plugins":[{"slug":"elementor","init":"elementor\/elementor.php","name":"Elementor"}]},"id-57124":{"title":"Business Consulting","featured-image-url":"https:\/\/websitedemos.net\/wp-content\/uploads\/2021\/07\/business-consultancy-firm-04-business-consulting.jpg","thumbnail-image-url":"https:\/\/websitedemos.net\/wp-content\/uploads\/2021\/07\/business-consultancy-firm-04-business-consulting.jpg","astra-page-api-url":"https:\/\/websitedemos.net\/business-consultancy-firm-04\/wp-json\/wp\/v2\/pages\/32","dynamic-page":"no","astra-page-url":"\/\/websitedemos.net\/business-consultancy-firm-04\/business-consulting\/","astra-sites-tag":{"2288":"business-consulting","425":"services"},"site-pages-type":"agency-mini","site-pages-page-builder":"elementor","site-pages-category":[],"site-pages-parent-category":{"60":"business"},"required-plugins":[{"slug":"elementor","init":"elementor\/elementor.php","name":"Elementor"}]},"id-57126":{"title":"Contact","featured-image-url":"https:\/\/websitedemos.net\/wp-content\/uploads\/2021\/07\/business-consultancy-firm-04-contact.jpg","thumbnail-image-url":"https:\/\/websitedemos.net\/wp-content\/uploads\/2021\/07\/business-consultancy-firm-04-contact.jpg","astra-page-api-url":"https:\/\/websitedemos.net\/business-consultancy-firm-04\/wp-json\/wp\/v2\/pages\/20","dynamic-page":"no","astra-page-url":"\/\/websitedemos.net\/business-consultancy-firm-04\/contact\/","astra-sites-tag":{"415":"contact"},"site-pages-type":"agency-mini","site-pages-page-builder":"elementor","site-pages-category":[],"site-pages-parent-category":{"60":"business"},"required-plugins":[{"slug":"elementor","init":"elementor\/elementor.php","name":"Elementor"},{"slug":"wpforms-lite","init":"wpforms-lite\/wpforms.php","name":"WPForms Lite"}]},"id-57127":{"title":"Financial Consulting","featured-image-url":"https:\/\/websitedemos.net\/wp-content\/uploads\/2021\/07\/business-consultancy-firm-04-financial-consulting.jpg","thumbnail-image-url":"https:\/\/websitedemos.net\/wp-content\/uploads\/2021\/07\/business-consultancy-firm-04-financial-consulting.jpg","astra-page-api-url":"https:\/\/websitedemos.net\/business-consultancy-firm-04\/wp-json\/wp\/v2\/pages\/34","dynamic-page":"no","astra-page-url":"\/\/websitedemos.net\/business-consultancy-firm-04\/financial-consulting\/","astra-sites-tag":{"2289":"financial-consulting","425":"services"},"site-pages-type":"agency-mini","site-pages-page-builder":"elementor","site-pages-category":[],"site-pages-parent-category":{"60":"business"},"required-plugins":[{"slug":"elementor","init":"elementor\/elementor.php","name":"Elementor"}]},"id-57128":{"title":"Home","featured-image-url":"https:\/\/websitedemos.net\/wp-content\/uploads\/2021\/07\/business-consultancy-firm-04-home.jpg","thumbnail-image-url":"https:\/\/websitedemos.net\/wp-content\/uploads\/2021\/07\/business-consultancy-firm-04-home.jpg","astra-page-api-url":"https:\/\/websitedemos.net\/business-consultancy-firm-04\/wp-json\/wp\/v2\/pages\/7","dynamic-page":"no","astra-page-url":"\/\/websitedemos.net\/business-consultancy-firm-04\/","astra-sites-tag":{"423":"home"},"site-pages-type":"agency-mini","site-pages-page-builder":"elementor","site-pages-category":[],"site-pages-parent-category":{"60":"business"},"required-plugins":[{"slug":"elementor","init":"elementor\/elementor.php","name":"Elementor"}]}}}}