{"id-20957":{"title":"Hotel","id":20957,"publish-date":1552457756,"featured-image-url":"https:\/\/websitedemos.net\/wp-content\/uploads\/2019\/03\/id-20957-hotel-resize.jpg","thumbnail-image-url":"https:\/\/websitedemos.net\/wp-content\/uploads\/2019\/03\/id-20957-hotel-resize.jpg","fullpage-thumbnail-image-url":"https:\/\/websitedemos.net\/wp-content\/uploads\/2019\/03\/id-20957-hotel-resize.jpg","astra-site-url":"\/\/websitedemos.net\/hotel-06","astra-site-parent-id":156,"astra-sites-tag":{"560":"cuisine","336":"food","350":"hotel","712":"lodge","711":"motel","714":"resort"},"astra-sites-type":"agency-mini","astra-site-category":{"27":"business"},"astra-site-page-builder":"brizy","categories":[],"required-plugins":[{"slug":"astra-addon","init":"astra-addon\/astra-addon.php","name":"Astra Pro"},{"slug":"brizy","init":"brizy\/brizy.php","name":"Brizy"}],"pages":{"id-23488":{"title":"Home","featured-image-url":"https:\/\/websitedemos.net\/wp-content\/uploads\/2019\/07\/id-23488-hotel-home-resize.jpg","thumbnail-image-url":"https:\/\/websitedemos.net\/wp-content\/uploads\/2019\/07\/id-23488-hotel-home-resize.jpg","astra-page-api-url":"https:\/\/websitedemos.net\/hotel-06\/wp-json\/wp\/v2\/pages\/215","dynamic-page":"no","astra-page-url":"\/\/websitedemos.net\/hotel-06\/","astra-sites-tag":{"423":"home"},"site-pages-type":"agency-mini","site-pages-page-builder":"brizy","site-pages-category":[],"site-pages-parent-category":{"60":"business"},"required-plugins":[{"slug":"brizy","init":"brizy\/brizy.php","name":"Brizy"}]},"id-23489":{"title":"Rooms","featured-image-url":"https:\/\/websitedemos.net\/wp-content\/uploads\/2019\/07\/id-23489-hotel-rooms-resize.jpg","thumbnail-image-url":"https:\/\/websitedemos.net\/wp-content\/uploads\/2019\/07\/id-23489-hotel-rooms-resize.jpg","astra-page-api-url":"https:\/\/websitedemos.net\/hotel-06\/wp-json\/wp\/v2\/pages\/268","dynamic-page":"no","astra-page-url":"\/\/websitedemos.net\/hotel-06\/rooms\/","astra-sites-tag":{"715":"rooms"},"site-pages-type":"agency-mini","site-pages-page-builder":"brizy","site-pages-category":[],"site-pages-parent-category":{"60":"business"},"required-plugins":[{"slug":"brizy","init":"brizy\/brizy.php","name":"Brizy"}]},"id-23490":{"title":"Services","featured-image-url":"https:\/\/websitedemos.net\/wp-content\/uploads\/2019\/07\/id-23490-hotel-services-resize.jpg","thumbnail-image-url":"https:\/\/websitedemos.net\/wp-content\/uploads\/2019\/07\/id-23490-hotel-services-resize.jpg","astra-page-api-url":"https:\/\/websitedemos.net\/hotel-06\/wp-json\/wp\/v2\/pages\/276","dynamic-page":"no","astra-page-url":"\/\/websitedemos.net\/hotel-06\/services\/","astra-sites-tag":{"425":"services"},"site-pages-type":"agency-mini","site-pages-page-builder":"brizy","site-pages-category":[],"site-pages-parent-category":{"60":"business"},"required-plugins":[{"slug":"brizy","init":"brizy\/brizy.php","name":"Brizy"}]},"id-23487":{"title":"Gallery","featured-image-url":"https:\/\/websitedemos.net\/wp-content\/uploads\/2019\/07\/id-23487-hotel-gallery-resize.jpg","thumbnail-image-url":"https:\/\/websitedemos.net\/wp-content\/uploads\/2019\/07\/id-23487-hotel-gallery-resize.jpg","astra-page-api-url":"https:\/\/websitedemos.net\/hotel-06\/wp-json\/wp\/v2\/pages\/287","dynamic-page":"no","astra-page-url":"\/\/websitedemos.net\/hotel-06\/gallery\/","astra-sites-tag":{"461":"gallery"},"site-pages-type":"agency-mini","site-pages-page-builder":"brizy","site-pages-category":[],"site-pages-parent-category":{"60":"business"},"required-plugins":[{"slug":"brizy","init":"brizy\/brizy.php","name":"Brizy"}]},"id-23491":{"title":"Testimonials","featured-image-url":"https:\/\/websitedemos.net\/wp-content\/uploads\/2019\/07\/id-23491-hotel-testimonials-resize.jpg","thumbnail-image-url":"https:\/\/websitedemos.net\/wp-content\/uploads\/2019\/07\/id-23491-hotel-testimonials-resize.jpg","astra-page-api-url":"https:\/\/websitedemos.net\/hotel-06\/wp-json\/wp\/v2\/pages\/295","dynamic-page":"no","astra-page-url":"\/\/websitedemos.net\/hotel-06\/testimonials\/","astra-sites-tag":{"433":"testimonials"},"site-pages-type":"agency-mini","site-pages-page-builder":"brizy","site-pages-category":[],"site-pages-parent-category":{"60":"business"},"required-plugins":[{"slug":"brizy","init":"brizy\/brizy.php","name":"Brizy"}]},"id-23486":{"title":"Contact","featured-image-url":"https:\/\/websitedemos.net\/wp-content\/uploads\/2019\/07\/id-23486-hotel-contact-resize.jpg","thumbnail-image-url":"https:\/\/websitedemos.net\/wp-content\/uploads\/2019\/07\/id-23486-hotel-contact-resize.jpg","astra-page-api-url":"https:\/\/websitedemos.net\/hotel-06\/wp-json\/wp\/v2\/pages\/299","dynamic-page":"no","astra-page-url":"\/\/websitedemos.net\/hotel-06\/contact\/","astra-sites-tag":{"415":"contact"},"site-pages-type":"agency-mini","site-pages-page-builder":"brizy","site-pages-category":[],"site-pages-parent-category":{"60":"business"},"required-plugins":[{"slug":"brizy","init":"brizy\/brizy.php","name":"Brizy"}]}}},"id-20968":{"title":"theAgency","id":20968,"publish-date":1552457756,"featured-image-url":"https:\/\/websitedemos.net\/wp-content\/uploads\/2019\/07\/wordpress-agency-feb-20-home.jpg","thumbnail-image-url":"https:\/\/websitedemos.net\/wp-content\/uploads\/2019\/07\/wordpress-agency-feb-20-home.jpg","fullpage-thumbnail-image-url":"https:\/\/websitedemos.net\/wp-content\/uploads\/2019\/07\/wordpress-agency-feb-20-home.jpg","astra-site-url":"\/\/websitedemos.net\/wordpress-agency-06","astra-site-parent-id":126,"astra-sites-tag":{"663":"agency","979":"company","664":"digital-services","812":"office","665":"service-agency","661":"website","879":"wordpress-agency"},"astra-sites-type":"agency-mini","astra-site-category":{"27":"business"},"astra-site-page-builder":"brizy","categories":[],"required-plugins":[{"slug":"astra-widgets","init":"astra-widgets\/astra-widgets.php","name":"Astra Widgets"},{"slug":"astra-addon","init":"astra-addon\/astra-addon.php","name":"Astra Pro"},{"slug":"brizy","init":"brizy\/brizy.php","name":"Brizy"}],"pages":{"id-23201":{"title":"Home","featured-image-url":"https:\/\/websitedemos.net\/wp-content\/uploads\/2019\/07\/wordpress-agency-feb-20-home.jpg","thumbnail-image-url":"https:\/\/websitedemos.net\/wp-content\/uploads\/2019\/07\/wordpress-agency-feb-20-home.jpg","astra-page-api-url":"https:\/\/websitedemos.net\/wordpress-agency-06\/wp-json\/wp\/v2\/pages\/343","dynamic-page":"no","astra-page-url":"\/\/websitedemos.net\/wordpress-agency-06\/","astra-sites-tag":{"423":"home"},"site-pages-type":"agency-mini","site-pages-page-builder":"brizy","site-pages-category":[],"site-pages-parent-category":{"60":"business"},"required-plugins":[{"slug":"brizy","init":"brizy\/brizy.php","name":"Brizy"}]},"id-23199":{"title":"About","featured-image-url":"https:\/\/websitedemos.net\/wp-content\/uploads\/2019\/07\/wordpress-agency-feb-20-about.jpg","thumbnail-image-url":"https:\/\/websitedemos.net\/wp-content\/uploads\/2019\/07\/wordpress-agency-feb-20-about.jpg","astra-page-api-url":"https:\/\/websitedemos.net\/wordpress-agency-06\/wp-json\/wp\/v2\/pages\/392","dynamic-page":"no","astra-page-url":"\/\/websitedemos.net\/wordpress-agency-06\/about\/","astra-sites-tag":{"352":"about"},"site-pages-type":"agency-mini","site-pages-page-builder":"brizy","site-pages-category":[],"site-pages-parent-category":{"60":"business"},"required-plugins":[{"slug":"brizy","init":"brizy\/brizy.php","name":"Brizy"}]},"id-23203":{"title":"Services","featured-image-url":"https:\/\/websitedemos.net\/wp-content\/uploads\/2019\/07\/wordpress-agency-feb-20-services.jpg","thumbnail-image-url":"https:\/\/websitedemos.net\/wp-content\/uploads\/2019\/07\/wordpress-agency-feb-20-services.jpg","astra-page-api-url":"https:\/\/websitedemos.net\/wordpress-agency-06\/wp-json\/wp\/v2\/pages\/404","dynamic-page":"no","astra-page-url":"\/\/websitedemos.net\/wordpress-agency-06\/services\/","astra-sites-tag":{"425":"services"},"site-pages-type":"agency-mini","site-pages-page-builder":"brizy","site-pages-category":[],"site-pages-parent-category":{"60":"business"},"required-plugins":[{"slug":"brizy","init":"brizy\/brizy.php","name":"Brizy"}]},"id-23202":{"title":"Projects","featured-image-url":"https:\/\/websitedemos.net\/wp-content\/uploads\/2019\/07\/wordpress-agency-feb-20-projects.jpg","thumbnail-image-url":"https:\/\/websitedemos.net\/wp-content\/uploads\/2019\/07\/wordpress-agency-feb-20-projects.jpg","astra-page-api-url":"https:\/\/websitedemos.net\/wordpress-agency-06\/wp-json\/wp\/v2\/pages\/415","dynamic-page":"no","astra-page-url":"\/\/websitedemos.net\/wordpress-agency-06\/projects\/","astra-sites-tag":{"424":"project"},"site-pages-type":"agency-mini","site-pages-page-builder":"brizy","site-pages-category":[],"site-pages-parent-category":{"60":"business"},"required-plugins":[{"slug":"brizy","init":"brizy\/brizy.php","name":"Brizy"}]},"id-23204":{"title":"Testimonials","featured-image-url":"https:\/\/websitedemos.net\/wp-content\/uploads\/2019\/07\/wordpress-agency-feb-20-testimonials.jpg","thumbnail-image-url":"https:\/\/websitedemos.net\/wp-content\/uploads\/2019\/07\/wordpress-agency-feb-20-testimonials.jpg","astra-page-api-url":"https:\/\/websitedemos.net\/wordpress-agency-06\/wp-json\/wp\/v2\/pages\/426","dynamic-page":"no","astra-page-url":"\/\/websitedemos.net\/wordpress-agency-06\/testimonials\/","astra-sites-tag":{"433":"testimonials"},"site-pages-type":"agency-mini","site-pages-page-builder":"brizy","site-pages-category":[],"site-pages-parent-category":{"60":"business"},"required-plugins":[{"slug":"brizy","init":"brizy\/brizy.php","name":"Brizy"}]},"id-23200":{"title":"Contact","featured-image-url":"https:\/\/websitedemos.net\/wp-content\/uploads\/2019\/07\/wordpress-agency-feb-20-contact.jpg","thumbnail-image-url":"https:\/\/websitedemos.net\/wp-content\/uploads\/2019\/07\/wordpress-agency-feb-20-contact.jpg","astra-page-api-url":"https:\/\/websitedemos.net\/wordpress-agency-06\/wp-json\/wp\/v2\/pages\/435","dynamic-page":"no","astra-page-url":"\/\/websitedemos.net\/wordpress-agency-06\/contact\/","astra-sites-tag":{"415":"contact"},"site-pages-type":"agency-mini","site-pages-page-builder":"brizy","site-pages-category":[],"site-pages-parent-category":{"60":"business"},"required-plugins":[{"slug":"brizy","init":"brizy\/brizy.php","name":"Brizy"}]}}},"id-20969":{"title":"eCourse","id":20969,"publish-date":1552457755,"featured-image-url":"https:\/\/websitedemos.net\/wp-content\/uploads\/2019\/07\/teach-06-home-1.jpg","thumbnail-image-url":"https:\/\/websitedemos.net\/wp-content\/uploads\/2019\/07\/teach-06-home-1.jpg","fullpage-thumbnail-image-url":"https:\/\/websitedemos.net\/wp-content\/uploads\/2019\/07\/teach-06-home-1.jpg","astra-site-url":"\/\/websitedemos.net\/teach-06","astra-site-parent-id":129,"astra-sites-tag":{"468":"elearning","719":"online-coaching","975":"online-learning","721":"training","720":"tutorials"},"astra-sites-type":"agency-mini","astra-site-category":{"27":"business"},"astra-site-page-builder":"brizy","categories":[],"required-plugins":[{"slug":"astra-addon","init":"astra-addon\/astra-addon.php","name":"Astra Pro"},{"slug":"brizy","init":"brizy\/brizy.php","name":"Brizy"}],"pages":{"id-23228":{"title":"Home","featured-image-url":"https:\/\/websitedemos.net\/wp-content\/uploads\/2019\/07\/teach-06-home-1.jpg","thumbnail-image-url":"https:\/\/websitedemos.net\/wp-content\/uploads\/2019\/07\/teach-06-home-1.jpg","astra-page-api-url":"https:\/\/websitedemos.net\/teach-06\/wp-json\/wp\/v2\/pages\/143","dynamic-page":"no","astra-page-url":"\/\/websitedemos.net\/teach-06\/","astra-sites-tag":{"423":"home"},"site-pages-type":"agency-mini","site-pages-page-builder":"brizy","site-pages-category":[],"site-pages-parent-category":{"60":"business"},"required-plugins":[{"slug":"brizy","init":"brizy\/brizy.php","name":"Brizy"}]},"id-23226":{"title":"About","featured-image-url":"https:\/\/websitedemos.net\/wp-content\/uploads\/2019\/07\/teach-06-about.jpg","thumbnail-image-url":"https:\/\/websitedemos.net\/wp-content\/uploads\/2019\/07\/teach-06-about.jpg","astra-page-api-url":"https:\/\/websitedemos.net\/teach-06\/wp-json\/wp\/v2\/pages\/188","dynamic-page":"no","astra-page-url":"\/\/websitedemos.net\/teach-06\/about\/","astra-sites-tag":{"352":"about"},"site-pages-type":"agency-mini","site-pages-page-builder":"brizy","site-pages-category":[],"site-pages-parent-category":{"60":"business"},"required-plugins":[{"slug":"brizy","init":"brizy\/brizy.php","name":"Brizy"}]},"id-23229":{"title":"Lessons","featured-image-url":"https:\/\/websitedemos.net\/wp-content\/uploads\/2019\/07\/teach-06-lessons.jpg","thumbnail-image-url":"https:\/\/websitedemos.net\/wp-content\/uploads\/2019\/07\/teach-06-lessons.jpg","astra-page-api-url":"https:\/\/websitedemos.net\/teach-06\/wp-json\/wp\/v2\/pages\/201","dynamic-page":"no","astra-page-url":"\/\/websitedemos.net\/teach-06\/lessons\/","astra-sites-tag":{"747":"lessons"},"site-pages-type":"agency-mini","site-pages-page-builder":"brizy","site-pages-category":[],"site-pages-parent-category":{"60":"business"},"required-plugins":[{"slug":"brizy","init":"brizy\/brizy.php","name":"Brizy"}]},"id-23230":{"title":"Testimonials","featured-image-url":"https:\/\/websitedemos.net\/wp-content\/uploads\/2019\/07\/teach-06-testimonials.jpg","thumbnail-image-url":"https:\/\/websitedemos.net\/wp-content\/uploads\/2019\/07\/teach-06-testimonials.jpg","astra-page-api-url":"https:\/\/websitedemos.net\/teach-06\/wp-json\/wp\/v2\/pages\/212","dynamic-page":"no","astra-page-url":"\/\/websitedemos.net\/teach-06\/testimonials\/","astra-sites-tag":{"433":"testimonials"},"site-pages-type":"agency-mini","site-pages-page-builder":"brizy","site-pages-category":[],"site-pages-parent-category":{"60":"business"},"required-plugins":[{"slug":"brizy","init":"brizy\/brizy.php","name":"Brizy"}]},"id-23227":{"title":"Contact","featured-image-url":"https:\/\/websitedemos.net\/wp-content\/uploads\/2019\/07\/teach-06-contact.jpg","thumbnail-image-url":"https:\/\/websitedemos.net\/wp-content\/uploads\/2019\/07\/teach-06-contact.jpg","astra-page-api-url":"https:\/\/websitedemos.net\/teach-06\/wp-json\/wp\/v2\/pages\/217","dynamic-page":"no","astra-page-url":"\/\/websitedemos.net\/teach-06\/contact\/","astra-sites-tag":{"415":"contact"},"site-pages-type":"agency-mini","site-pages-page-builder":"brizy","site-pages-category":[],"site-pages-parent-category":{"60":"business"},"required-plugins":[{"slug":"brizy","init":"brizy\/brizy.php","name":"Brizy"}]}}},"id-20972":{"title":"Personal Dietitian","id":20972,"publish-date":1552457754,"featured-image-url":"https:\/\/websitedemos.net\/wp-content\/uploads\/2019\/07\/dietitian-06-home.jpg","thumbnail-image-url":"https:\/\/websitedemos.net\/wp-content\/uploads\/2019\/07\/dietitian-06-home.jpg","fullpage-thumbnail-image-url":"https:\/\/websitedemos.net\/wp-content\/uploads\/2019\/07\/dietitian-06-home.jpg","astra-site-url":"\/\/websitedemos.net\/dietitian-06","astra-site-parent-id":131,"astra-sites-tag":{"753":"dietitian","336":"food","754":"nutritionist"},"astra-sites-type":"agency-mini","astra-site-category":{"27":"business"},"astra-site-page-builder":"brizy","categories":[],"required-plugins":[{"slug":"astra-addon","init":"astra-addon\/astra-addon.php","name":"Astra Pro"},{"slug":"brizy","init":"brizy\/brizy.php","name":"Brizy"},{"slug":"ultimate-addons-for-gutenberg","init":"ultimate-addons-for-gutenberg\/ultimate-addons-for-gutenberg.php","name":"Ultimate Addons for Gutenberg"}],"pages":{"id-23254":{"title":"Home","featured-image-url":"https:\/\/websitedemos.net\/wp-content\/uploads\/2019\/07\/dietitian-06-home.jpg","thumbnail-image-url":"https:\/\/websitedemos.net\/wp-content\/uploads\/2019\/07\/dietitian-06-home.jpg","astra-page-api-url":"https:\/\/websitedemos.net\/dietitian-06\/wp-json\/wp\/v2\/pages\/803","dynamic-page":"no","astra-page-url":"\/\/websitedemos.net\/dietitian-06\/","astra-sites-tag":{"423":"home"},"site-pages-type":"agency-mini","site-pages-page-builder":"brizy","site-pages-category":[],"site-pages-parent-category":{"60":"business"},"required-plugins":[{"slug":"brizy","init":"brizy\/brizy.php","name":"Brizy"}]},"id-23251":{"title":"About","featured-image-url":"https:\/\/websitedemos.net\/wp-content\/uploads\/2019\/07\/dietitian-06-about-01.jpg","thumbnail-image-url":"https:\/\/websitedemos.net\/wp-content\/uploads\/2019\/07\/dietitian-06-about-01.jpg","astra-page-api-url":"https:\/\/websitedemos.net\/dietitian-06\/wp-json\/wp\/v2\/pages\/851","dynamic-page":"no","astra-page-url":"\/\/websitedemos.net\/dietitian-06\/about\/","astra-sites-tag":{"352":"about"},"site-pages-type":"agency-mini","site-pages-page-builder":"brizy","site-pages-category":[],"site-pages-parent-category":{"60":"business"},"required-plugins":[{"slug":"brizy","init":"brizy\/brizy.php","name":"Brizy"}]},"id-23255":{"title":"Services","featured-image-url":"https:\/\/websitedemos.net\/wp-content\/uploads\/2019\/07\/dietitian-06-services-01.jpg","thumbnail-image-url":"https:\/\/websitedemos.net\/wp-content\/uploads\/2019\/07\/dietitian-06-services-01.jpg","astra-page-api-url":"https:\/\/websitedemos.net\/dietitian-06\/wp-json\/wp\/v2\/pages\/860","dynamic-page":"no","astra-page-url":"\/\/websitedemos.net\/dietitian-06\/services\/","astra-sites-tag":{"425":"services"},"site-pages-type":"agency-mini","site-pages-page-builder":"brizy","site-pages-category":[],"site-pages-parent-category":{"60":"business"},"required-plugins":[{"slug":"brizy","init":"brizy\/brizy.php","name":"Brizy"}]},"id-23252":{"title":"Blogs","featured-image-url":"https:\/\/websitedemos.net\/wp-content\/uploads\/2019\/07\/dietitian-06-blogs-01.jpg","thumbnail-image-url":"https:\/\/websitedemos.net\/wp-content\/uploads\/2019\/07\/dietitian-06-blogs-01.jpg","astra-page-api-url":"https:\/\/websitedemos.net\/dietitian-06\/wp-json\/wp\/v2\/pages\/915","dynamic-page":"no","astra-page-url":"\/\/websitedemos.net\/dietitian-06\/blogs\/","astra-sites-tag":{"480":"blog"},"site-pages-type":"agency-mini","site-pages-page-builder":"gutenberg","site-pages-category":[],"site-pages-parent-category":{"60":"business"},"required-plugins":[{"slug":"ultimate-addons-for-gutenberg","init":"ultimate-addons-for-gutenberg\/ultimate-addons-for-gutenberg.php","name":"Ultimate Addons for Gutenberg"}]},"id-23253":{"title":"Contact Me","featured-image-url":"https:\/\/websitedemos.net\/wp-content\/uploads\/2019\/07\/dietitian-06-contact-me-01.jpg","thumbnail-image-url":"https:\/\/websitedemos.net\/wp-content\/uploads\/2019\/07\/dietitian-06-contact-me-01.jpg","astra-page-api-url":"https:\/\/websitedemos.net\/dietitian-06\/wp-json\/wp\/v2\/pages\/874","dynamic-page":"no","astra-page-url":"\/\/websitedemos.net\/dietitian-06\/contact-me\/","astra-sites-tag":{"415":"contact"},"site-pages-type":"agency-mini","site-pages-page-builder":"brizy","site-pages-category":[],"site-pages-parent-category":{"60":"business"},"required-plugins":[{"slug":"brizy","init":"brizy\/brizy.php","name":"Brizy"}]}}},"id-20981":{"title":"Charity","id":20981,"publish-date":1552457753,"featured-image-url":"https:\/\/websitedemos.net\/wp-content\/uploads\/2019\/07\/charity-pro-feb-20-home.jpg","thumbnail-image-url":"https:\/\/websitedemos.net\/wp-content\/uploads\/2019\/07\/charity-pro-feb-20-home.jpg","fullpage-thumbnail-image-url":"https:\/\/websitedemos.net\/wp-content\/uploads\/2019\/07\/charity-pro-feb-20-home.jpg","astra-site-url":"\/\/websitedemos.net\/charity-06","astra-site-parent-id":138,"astra-sites-tag":{"625":"charity","624":"foundation","626":"giving","977":"non-profit","745":"organization"},"astra-sites-type":"agency-mini","astra-site-category":{"36":"other"},"astra-site-page-builder":"brizy","categories":[],"required-plugins":[{"slug":"astra-addon","init":"astra-addon\/astra-addon.php","name":"Astra Pro"},{"slug":"brizy","init":"brizy\/brizy.php","name":"Brizy"}],"pages":{"id-23323":{"title":"Home","featured-image-url":"https:\/\/websitedemos.net\/wp-content\/uploads\/2019\/07\/charity-pro-feb-20-home.jpg","thumbnail-image-url":"https:\/\/websitedemos.net\/wp-content\/uploads\/2019\/07\/charity-pro-feb-20-home.jpg","astra-page-api-url":"https:\/\/websitedemos.net\/charity-06\/wp-json\/wp\/v2\/pages\/541","dynamic-page":"no","astra-page-url":"\/\/websitedemos.net\/charity-06\/","astra-sites-tag":{"423":"home"},"site-pages-type":"agency-mini","site-pages-page-builder":"brizy","site-pages-category":[],"site-pages-parent-category":{"139":"other"},"required-plugins":[{"slug":"brizy","init":"brizy\/brizy.php","name":"Brizy"}]},"id-23324":{"title":"What We Do","featured-image-url":"https:\/\/websitedemos.net\/wp-content\/uploads\/2019\/07\/charity-pro-feb-20-what-we-do.jpg","thumbnail-image-url":"https:\/\/websitedemos.net\/wp-content\/uploads\/2019\/07\/charity-pro-feb-20-what-we-do.jpg","astra-page-api-url":"https:\/\/websitedemos.net\/charity-06\/wp-json\/wp\/v2\/pages\/596","dynamic-page":"no","astra-page-url":"\/\/websitedemos.net\/charity-06\/what-we-do\/","astra-sites-tag":{"628":"what-we-do","451":"work"},"site-pages-type":"agency-mini","site-pages-page-builder":"brizy","site-pages-category":[],"site-pages-parent-category":{"139":"other"},"required-plugins":[{"slug":"brizy","init":"brizy\/brizy.php","name":"Brizy"}]},"id-23322":{"title":"Creating Impact","featured-image-url":"https:\/\/websitedemos.net\/wp-content\/uploads\/2019\/07\/charity-pro-feb-20-making-impact.jpg","thumbnail-image-url":"https:\/\/websitedemos.net\/wp-content\/uploads\/2019\/07\/charity-pro-feb-20-making-impact.jpg","astra-page-api-url":"https:\/\/websitedemos.net\/charity-06\/wp-json\/wp\/v2\/pages\/605","dynamic-page":"no","astra-page-url":"\/\/websitedemos.net\/charity-06\/creating-impact\/","astra-sites-tag":{"425":"services"},"site-pages-type":"agency-mini","site-pages-page-builder":"brizy","site-pages-category":[],"site-pages-parent-category":{"139":"other"},"required-plugins":[{"slug":"brizy","init":"brizy\/brizy.php","name":"Brizy"}]},"id-23321":{"title":"Contact Us","featured-image-url":"https:\/\/websitedemos.net\/wp-content\/uploads\/2019\/07\/charity-pro-feb-20-contact.jpg","thumbnail-image-url":"https:\/\/websitedemos.net\/wp-content\/uploads\/2019\/07\/charity-pro-feb-20-contact.jpg","astra-page-api-url":"https:\/\/websitedemos.net\/charity-06\/wp-json\/wp\/v2\/pages\/618","dynamic-page":"no","astra-page-url":"\/\/websitedemos.net\/charity-06\/contact-us\/","astra-sites-tag":{"415":"contact"},"site-pages-type":"agency-mini","site-pages-page-builder":"brizy","site-pages-category":[],"site-pages-parent-category":{"139":"other"},"required-plugins":[{"slug":"brizy","init":"brizy\/brizy.php","name":"Brizy"}]}}},"id-20983":{"title":"Sweet Shop","id":20983,"publish-date":1552457753,"featured-image-url":"https:\/\/websitedemos.net\/wp-content\/uploads\/2019\/07\/sweet-shop-home.jpg","thumbnail-image-url":"https:\/\/websitedemos.net\/wp-content\/uploads\/2019\/07\/sweet-shop-home.jpg","fullpage-thumbnail-image-url":"https:\/\/websitedemos.net\/wp-content\/uploads\/2019\/07\/sweet-shop-home.jpg","astra-site-url":"\/\/websitedemos.net\/sweet-shop-06","astra-site-parent-id":134,"astra-sites-tag":{"758":"bakery","496":"ecommerce","383":"online-store","749":"store","756":"sweet-shop","757":"sweets","1024":"woocommerce"},"astra-sites-type":"agency-mini","astra-site-category":{"27":"business"},"astra-site-page-builder":"brizy","categories":[],"required-plugins":[{"slug":"astra-addon","init":"astra-addon\/astra-addon.php","name":"Astra Pro"},{"slug":"brizy","init":"brizy\/brizy.php","name":"Brizy"}],"pages":{"id-23288":{"title":"Home","featured-image-url":"https:\/\/websitedemos.net\/wp-content\/uploads\/2019\/07\/sweet-shop-home.jpg","thumbnail-image-url":"https:\/\/websitedemos.net\/wp-content\/uploads\/2019\/07\/sweet-shop-home.jpg","astra-page-api-url":"https:\/\/websitedemos.net\/sweet-shop-06\/wp-json\/wp\/v2\/pages\/500","dynamic-page":"no","astra-page-url":"\/\/websitedemos.net\/sweet-shop-06\/","astra-sites-tag":{"423":"home"},"site-pages-type":"agency-mini","site-pages-page-builder":"brizy","site-pages-category":[],"site-pages-parent-category":{"60":"business"},"required-plugins":[{"slug":"brizy","init":"brizy\/brizy.php","name":"Brizy"}]},"id-23285":{"title":"About","featured-image-url":"https:\/\/websitedemos.net\/wp-content\/uploads\/2019\/07\/sweet-shop-about.jpg","thumbnail-image-url":"https:\/\/websitedemos.net\/wp-content\/uploads\/2019\/07\/sweet-shop-about.jpg","astra-page-api-url":"https:\/\/websitedemos.net\/sweet-shop-06\/wp-json\/wp\/v2\/pages\/543","dynamic-page":"no","astra-page-url":"\/\/websitedemos.net\/sweet-shop-06\/about\/","astra-sites-tag":{"352":"about"},"site-pages-type":"agency-mini","site-pages-page-builder":"brizy","site-pages-category":[],"site-pages-parent-category":{"60":"business"},"required-plugins":[{"slug":"brizy","init":"brizy\/brizy.php","name":"Brizy"}]},"id-23287":{"title":"Gallery","featured-image-url":"https:\/\/websitedemos.net\/wp-content\/uploads\/2019\/07\/sweet-shop-gallery.jpg","thumbnail-image-url":"https:\/\/websitedemos.net\/wp-content\/uploads\/2019\/07\/sweet-shop-gallery.jpg","astra-page-api-url":"https:\/\/websitedemos.net\/sweet-shop-06\/wp-json\/wp\/v2\/pages\/548","dynamic-page":"no","astra-page-url":"\/\/websitedemos.net\/sweet-shop-06\/gallery\/","astra-sites-tag":{"461":"gallery"},"site-pages-type":"agency-mini","site-pages-page-builder":"brizy","site-pages-category":[],"site-pages-parent-category":{"60":"business"},"required-plugins":[{"slug":"brizy","init":"brizy\/brizy.php","name":"Brizy"}]},"id-23289":{"title":"Our Cakes","featured-image-url":"https:\/\/websitedemos.net\/wp-content\/uploads\/2019\/07\/sweet-shop-cakes.jpg","thumbnail-image-url":"https:\/\/websitedemos.net\/wp-content\/uploads\/2019\/07\/sweet-shop-cakes.jpg","astra-page-api-url":"https:\/\/websitedemos.net\/sweet-shop-06\/wp-json\/wp\/v2\/pages\/555","dynamic-page":"no","astra-page-url":"\/\/websitedemos.net\/sweet-shop-06\/our-cakes\/","astra-sites-tag":{"783":"cake"},"site-pages-type":"agency-mini","site-pages-page-builder":"brizy","site-pages-category":[],"site-pages-parent-category":{"60":"business"},"required-plugins":[{"slug":"brizy","init":"brizy\/brizy.php","name":"Brizy"}]},"id-23286":{"title":"Contact Us","featured-image-url":"https:\/\/websitedemos.net\/wp-content\/uploads\/2019\/07\/sweet-shop-contact.jpg","thumbnail-image-url":"https:\/\/websitedemos.net\/wp-content\/uploads\/2019\/07\/sweet-shop-contact.jpg","astra-page-api-url":"https:\/\/websitedemos.net\/sweet-shop-06\/wp-json\/wp\/v2\/pages\/566","dynamic-page":"no","astra-page-url":"\/\/websitedemos.net\/sweet-shop-06\/contact-us\/","astra-sites-tag":{"415":"contact"},"site-pages-type":"agency-mini","site-pages-page-builder":"brizy","site-pages-category":[],"site-pages-parent-category":{"60":"business"},"required-plugins":[{"slug":"brizy","init":"brizy\/brizy.php","name":"Brizy"}]}}},"id-21029":{"title":"Spa","id":21029,"publish-date":1552457752,"featured-image-url":"https:\/\/websitedemos.net\/wp-content\/uploads\/2019\/03\/lotus-spa-therapy-home.jpg","thumbnail-image-url":"https:\/\/websitedemos.net\/wp-content\/uploads\/2019\/03\/lotus-spa-therapy-home.jpg","fullpage-thumbnail-image-url":"https:\/\/websitedemos.net\/wp-content\/uploads\/2019\/03\/lotus-spa-therapy-home.jpg","astra-site-url":"\/\/websitedemos.net\/lotus-spa-06","astra-site-parent-id":140,"astra-sites-tag":{"532":"acupressure","474":"grooming","528":"massage","527":"massage-therapist","529":"physiotherapy","531":"reflexology","533":"relaxation","650":"salon","651":"skincare","530":"spa"},"astra-sites-type":"agency-mini","astra-site-category":{"27":"business"},"astra-site-page-builder":"brizy","categories":[],"required-plugins":[{"slug":"astra-addon","init":"astra-addon\/astra-addon.php","name":"Astra Pro"},{"slug":"brizy","init":"brizy\/brizy.php","name":"Brizy"}],"pages":{"id-23332":{"title":"Home","featured-image-url":"https:\/\/websitedemos.net\/wp-content\/uploads\/2019\/03\/lotus-spa-therapy-home.jpg","thumbnail-image-url":"https:\/\/websitedemos.net\/wp-content\/uploads\/2019\/03\/lotus-spa-therapy-home.jpg","astra-page-api-url":"https:\/\/websitedemos.net\/lotus-spa-06\/wp-json\/wp\/v2\/pages\/3092","dynamic-page":"no","astra-page-url":"\/\/websitedemos.net\/lotus-spa-06\/","astra-sites-tag":{"423":"home"},"site-pages-type":"agency-mini","site-pages-page-builder":"brizy","site-pages-category":[],"site-pages-parent-category":{"60":"business"},"required-plugins":[{"slug":"brizy","init":"brizy\/brizy.php","name":"Brizy"}]},"id-23330":{"title":"About","featured-image-url":"https:\/\/websitedemos.net\/wp-content\/uploads\/2019\/07\/lotus-spa-06-about-01.jpg","thumbnail-image-url":"https:\/\/websitedemos.net\/wp-content\/uploads\/2019\/07\/lotus-spa-06-about-01.jpg","astra-page-api-url":"https:\/\/websitedemos.net\/lotus-spa-06\/wp-json\/wp\/v2\/pages\/3137","dynamic-page":"no","astra-page-url":"\/\/websitedemos.net\/lotus-spa-06\/about\/","astra-sites-tag":{"352":"about"},"site-pages-type":"agency-mini","site-pages-page-builder":"brizy","site-pages-category":[],"site-pages-parent-category":{"60":"business"},"required-plugins":[{"slug":"brizy","init":"brizy\/brizy.php","name":"Brizy"}]},"id-23333":{"title":"Services","featured-image-url":"https:\/\/websitedemos.net\/wp-content\/uploads\/2019\/07\/lotus-spa-06-services-01.jpg","thumbnail-image-url":"https:\/\/websitedemos.net\/wp-content\/uploads\/2019\/07\/lotus-spa-06-services-01.jpg","astra-page-api-url":"https:\/\/websitedemos.net\/lotus-spa-06\/wp-json\/wp\/v2\/pages\/3150","dynamic-page":"no","astra-page-url":"\/\/websitedemos.net\/lotus-spa-06\/services\/","astra-sites-tag":{"425":"services"},"site-pages-type":"agency-mini","site-pages-page-builder":"brizy","site-pages-category":[],"site-pages-parent-category":{"60":"business"},"required-plugins":[{"slug":"brizy","init":"brizy\/brizy.php","name":"Brizy"}]},"id-23331":{"title":"Contact","featured-image-url":"https:\/\/websitedemos.net\/wp-content\/uploads\/2019\/07\/lotus-spa-06-contact-1.jpg","thumbnail-image-url":"https:\/\/websitedemos.net\/wp-content\/uploads\/2019\/07\/lotus-spa-06-contact-1.jpg","astra-page-api-url":"https:\/\/websitedemos.net\/lotus-spa-06\/wp-json\/wp\/v2\/pages\/3165","dynamic-page":"no","astra-page-url":"\/\/websitedemos.net\/lotus-spa-06\/contact\/","astra-sites-tag":{"415":"contact"},"site-pages-type":"agency-mini","site-pages-page-builder":"brizy","site-pages-category":[],"site-pages-parent-category":{"60":"business"},"required-plugins":[{"slug":"brizy","init":"brizy\/brizy.php","name":"Brizy"}]}}},"id-21039":{"title":"Agency","id":21039,"publish-date":1552457751,"featured-image-url":"https:\/\/websitedemos.net\/wp-content\/uploads\/2019\/07\/agency-06-home.jpg","thumbnail-image-url":"https:\/\/websitedemos.net\/wp-content\/uploads\/2019\/07\/agency-06-home.jpg","fullpage-thumbnail-image-url":"https:\/\/websitedemos.net\/wp-content\/uploads\/2019\/07\/agency-06-home.jpg","astra-site-url":"\/\/websitedemos.net\/agency-06","astra-site-parent-id":150,"astra-sites-tag":{"663":"agency","979":"company","664":"digital-services","812":"office","665":"service-agency","661":"website"},"astra-sites-type":"agency-mini","astra-site-category":{"27":"business"},"astra-site-page-builder":"brizy","categories":[],"required-plugins":[{"slug":"astra-addon","init":"astra-addon\/astra-addon.php","name":"Astra Pro"},{"slug":"brizy","init":"brizy\/brizy.php","name":"Brizy"}],"pages":{"id-23425":{"title":"Home","featured-image-url":"https:\/\/websitedemos.net\/wp-content\/uploads\/2019\/07\/agency-06-home.jpg","thumbnail-image-url":"https:\/\/websitedemos.net\/wp-content\/uploads\/2019\/07\/agency-06-home.jpg","astra-page-api-url":"https:\/\/websitedemos.net\/agency-06\/wp-json\/wp\/v2\/pages\/620","dynamic-page":"no","astra-page-url":"\/\/websitedemos.net\/agency-06\/","astra-sites-tag":{"423":"home"},"site-pages-type":"agency-mini","site-pages-page-builder":"brizy","site-pages-category":[],"site-pages-parent-category":{"60":"business"},"required-plugins":[{"slug":"brizy","init":"brizy\/brizy.php","name":"Brizy"}]},"id-23423":{"title":"About","featured-image-url":"https:\/\/websitedemos.net\/wp-content\/uploads\/2019\/07\/agency-06-about.jpg","thumbnail-image-url":"https:\/\/websitedemos.net\/wp-content\/uploads\/2019\/07\/agency-06-about.jpg","astra-page-api-url":"https:\/\/websitedemos.net\/agency-06\/wp-json\/wp\/v2\/pages\/670","dynamic-page":"no","astra-page-url":"\/\/websitedemos.net\/agency-06\/about\/","astra-sites-tag":{"352":"about"},"site-pages-type":"agency-mini","site-pages-page-builder":"brizy","site-pages-category":[],"site-pages-parent-category":{"60":"business"},"required-plugins":[{"slug":"brizy","init":"brizy\/brizy.php","name":"Brizy"}]},"id-23428":{"title":"Websites","featured-image-url":"https:\/\/websitedemos.net\/wp-content\/uploads\/2019\/07\/agency-06-websites.jpg","thumbnail-image-url":"https:\/\/websitedemos.net\/wp-content\/uploads\/2019\/07\/agency-06-websites.jpg","astra-page-api-url":"https:\/\/websitedemos.net\/agency-06\/wp-json\/wp\/v2\/pages\/680","dynamic-page":"no","astra-page-url":"\/\/websitedemos.net\/agency-06\/websites\/","astra-sites-tag":{"661":"website"},"site-pages-type":"agency-mini","site-pages-page-builder":"brizy","site-pages-category":[],"site-pages-parent-category":{"60":"business"},"required-plugins":[{"slug":"brizy","init":"brizy\/brizy.php","name":"Brizy"}]},"id-23427":{"title":"Support","featured-image-url":"https:\/\/websitedemos.net\/wp-content\/uploads\/2019\/07\/agency-06-support.jpg","thumbnail-image-url":"https:\/\/websitedemos.net\/wp-content\/uploads\/2019\/07\/agency-06-support.jpg","astra-page-api-url":"https:\/\/websitedemos.net\/agency-06\/wp-json\/wp\/v2\/pages\/687","dynamic-page":"no","astra-page-url":"\/\/websitedemos.net\/agency-06\/support\/","astra-sites-tag":{"765":"support"},"site-pages-type":"agency-mini","site-pages-page-builder":"brizy","site-pages-category":[],"site-pages-parent-category":{"60":"business"},"required-plugins":[{"slug":"brizy","init":"brizy\/brizy.php","name":"Brizy"}]},"id-23426":{"title":"Pricing","featured-image-url":"https:\/\/websitedemos.net\/wp-content\/uploads\/2019\/07\/agency-06-pricing.jpg","thumbnail-image-url":"https:\/\/websitedemos.net\/wp-content\/uploads\/2019\/07\/agency-06-pricing.jpg","astra-page-api-url":"https:\/\/websitedemos.net\/agency-06\/wp-json\/wp\/v2\/pages\/702","dynamic-page":"no","astra-page-url":"\/\/websitedemos.net\/agency-06\/pricing\/","astra-sites-tag":{"585":"pricing"},"site-pages-type":"agency-mini","site-pages-page-builder":"brizy","site-pages-category":[],"site-pages-parent-category":{"60":"business"},"required-plugins":[{"slug":"brizy","init":"brizy\/brizy.php","name":"Brizy"}]},"id-23424":{"title":"Contact","featured-image-url":"https:\/\/websitedemos.net\/wp-content\/uploads\/2019\/07\/agency-06-contact.jpg","thumbnail-image-url":"https:\/\/websitedemos.net\/wp-content\/uploads\/2019\/07\/agency-06-contact.jpg","astra-page-api-url":"https:\/\/websitedemos.net\/agency-06\/wp-json\/wp\/v2\/pages\/707","dynamic-page":"no","astra-page-url":"\/\/websitedemos.net\/agency-06\/contact\/","astra-sites-tag":{"415":"contact"},"site-pages-type":"agency-mini","site-pages-page-builder":"brizy","site-pages-category":[],"site-pages-parent-category":{"60":"business"},"required-plugins":[{"slug":"brizy","init":"brizy\/brizy.php","name":"Brizy"}]}}},"id-55430":{"title":"Event Landing Page","id":55430,"publish-date":1621890480,"featured-image-url":"https:\/\/websitedemos.net\/wp-content\/uploads\/2021\/05\/event-02-home.jpg","thumbnail-image-url":"https:\/\/websitedemos.net\/wp-content\/uploads\/2021\/05\/event-02-home.jpg","fullpage-thumbnail-image-url":"https:\/\/websitedemos.net\/wp-content\/uploads\/2021\/05\/event-02-home.jpg","astra-site-url":"\/\/websitedemos.net\/event-02","astra-site-parent-id":2117,"astra-sites-tag":{"2141":"business-conference","2138":"conference-event","2146":"design-conference","2137":"event-landing","2140":"marketing-event","2145":"meetup","648":"presentation","2142":"product-launch","2139":"seminar","2144":"tech-conference","2143":"webinar-landing-page"},"astra-sites-type":"free","astra-site-category":{"39":"free","36":"other"},"astra-site-page-builder":"elementor","categories":{"2489":"event-invitation"},"required-plugins":[{"slug":"elementor","init":"elementor\/elementor.php","name":"Elementor"}],"pages":{"id-55431":{"title":"Landing Page","featured-image-url":"https:\/\/websitedemos.net\/wp-content\/uploads\/2021\/05\/event-02-home.jpg","thumbnail-image-url":"https:\/\/websitedemos.net\/wp-content\/uploads\/2021\/05\/event-02-home.jpg","astra-page-api-url":"https:\/\/websitedemos.net\/event-02\/wp-json\/wp\/v2\/pages\/6","dynamic-page":"no","astra-page-url":"\/\/websitedemos.net\/event-02\/","astra-sites-tag":{"850":"landing-page","463":"single-page"},"site-pages-type":"free","site-pages-page-builder":"elementor","site-pages-category":[],"site-pages-parent-category":{"61":"free","139":"other"},"required-plugins":[{"slug":"elementor","init":"elementor\/elementor.php","name":"Elementor"}]}}},"id-55436":{"title":"Event Landing Page","id":55436,"publish-date":1621881999,"featured-image-url":"https:\/\/websitedemos.net\/wp-content\/uploads\/2021\/05\/event-08-home.jpg","thumbnail-image-url":"https:\/\/websitedemos.net\/wp-content\/uploads\/2021\/05\/event-08-home.jpg","fullpage-thumbnail-image-url":"https:\/\/websitedemos.net\/wp-content\/uploads\/2021\/05\/event-08-home.jpg","astra-site-url":"\/\/websitedemos.net\/event-08","astra-site-parent-id":2118,"astra-sites-tag":{"2141":"business-conference","2138":"conference-event","2146":"design-conference","2137":"event-landing","2140":"marketing-event","2145":"meetup","648":"presentation","2142":"product-launch","2139":"seminar","2144":"tech-conference","2143":"webinar-landing-page"},"astra-sites-type":"free","astra-site-category":{"39":"free","36":"other"},"astra-site-page-builder":"gutenberg","categories":{"2489":"event-invitation"},"required-plugins":[],"pages":{"id-55437":{"title":"Landing Page","featured-image-url":"https:\/\/websitedemos.net\/wp-content\/uploads\/2021\/05\/event-08-home.jpg","thumbnail-image-url":"https:\/\/websitedemos.net\/wp-content\/uploads\/2021\/05\/event-08-home.jpg","astra-page-api-url":"https:\/\/websitedemos.net\/event-08\/wp-json\/wp\/v2\/pages\/6","dynamic-page":"no","astra-page-url":"\/\/websitedemos.net\/event-08\/","astra-sites-tag":{"850":"landing-page","463":"single-page"},"site-pages-type":"free","site-pages-page-builder":"gutenberg","site-pages-category":[],"site-pages-parent-category":{"61":"free","139":"other"},"required-plugins":[]}}},"id-45817":{"title":"Financial Advisors","id":45817,"publish-date":1585221053,"featured-image-url":"https:\/\/websitedemos.net\/wp-content\/uploads\/2020\/03\/financial-accounting-04-home-1.jpg","thumbnail-image-url":"https:\/\/websitedemos.net\/wp-content\/uploads\/2020\/03\/financial-accounting-04-home-1.jpg","fullpage-thumbnail-image-url":"https:\/\/websitedemos.net\/wp-content\/uploads\/2020\/03\/financial-accounting-04-home-1.jpg","astra-site-url":"\/\/websitedemos.net\/financial-accounting-04","astra-site-parent-id":1485,"astra-sites-tag":{"447":"accountant","448":"accounting","581":"advice","449":"chartered-accountant","446":"finance","582":"financial-investment","775":"investment-banking"},"astra-sites-type":"agency-mini","astra-site-category":{"27":"business"},"astra-site-page-builder":"elementor","categories":{"2481":"finance-service"},"required-plugins":[{"slug":"elementor","init":"elementor\/elementor.php","name":"Elementor"},{"slug":"ultimate-elementor","init":"ultimate-elementor\/ultimate-elementor.php","name":"Ultimate Addons for Elementor"}],"pages":{"id-45820":{"title":"Home","featured-image-url":"https:\/\/websitedemos.net\/wp-content\/uploads\/2020\/03\/financial-accounting-04-home-1.jpg","thumbnail-image-url":"https:\/\/websitedemos.net\/wp-content\/uploads\/2020\/03\/financial-accounting-04-home-1.jpg","astra-page-api-url":"https:\/\/websitedemos.net\/financial-accounting-04\/wp-json\/wp\/v2\/pages\/13","dynamic-page":"no","astra-page-url":"\/\/websitedemos.net\/financial-accounting-04\/","astra-sites-tag":{"423":"home"},"site-pages-type":"agency-mini","site-pages-page-builder":"elementor","site-pages-category":[],"site-pages-parent-category":{"60":"business"},"required-plugins":[{"slug":"elementor","init":"elementor\/elementor.php","name":"Elementor"},{"slug":"ultimate-elementor","init":"ultimate-elementor\/ultimate-elementor.php","name":"Ultimate Addons for Elementor"}]},"id-45822":{"title":"Services","featured-image-url":"https:\/\/websitedemos.net\/wp-content\/uploads\/2020\/03\/financial-accounting-04-services-1.jpg","thumbnail-image-url":"https:\/\/websitedemos.net\/wp-content\/uploads\/2020\/03\/financial-accounting-04-services-1.jpg","astra-page-api-url":"https:\/\/websitedemos.net\/financial-accounting-04\/wp-json\/wp\/v2\/pages\/15","dynamic-page":"no","astra-page-url":"\/\/websitedemos.net\/financial-accounting-04\/services\/","astra-sites-tag":{"425":"services"},"site-pages-type":"agency-mini","site-pages-page-builder":"elementor","site-pages-category":[],"site-pages-parent-category":{"60":"business"},"required-plugins":[{"slug":"elementor","init":"elementor\/elementor.php","name":"Elementor"},{"slug":"ultimate-elementor","init":"ultimate-elementor\/ultimate-elementor.php","name":"Ultimate Addons for Elementor"}]},"id-45821":{"title":"Industries","featured-image-url":"https:\/\/websitedemos.net\/wp-content\/uploads\/2020\/03\/financial-accounting-04-industries-1.jpg","thumbnail-image-url":"https:\/\/websitedemos.net\/wp-content\/uploads\/2020\/03\/financial-accounting-04-industries-1.jpg","astra-page-api-url":"https:\/\/websitedemos.net\/financial-accounting-04\/wp-json\/wp\/v2\/pages\/16","dynamic-page":"no","astra-page-url":"\/\/websitedemos.net\/financial-accounting-04\/industries\/","astra-sites-tag":{"493":"industries"},"site-pages-type":"agency-mini","site-pages-page-builder":"elementor","site-pages-category":[],"site-pages-parent-category":{"60":"business"},"required-plugins":[{"slug":"elementor","init":"elementor\/elementor.php","name":"Elementor"},{"slug":"ultimate-elementor","init":"ultimate-elementor\/ultimate-elementor.php","name":"Ultimate Addons for Elementor"}]},"id-45818":{"title":"About Us","featured-image-url":"https:\/\/websitedemos.net\/wp-content\/uploads\/2020\/03\/financial-accounting-04-about.jpg","thumbnail-image-url":"https:\/\/websitedemos.net\/wp-content\/uploads\/2020\/03\/financial-accounting-04-about.jpg","astra-page-api-url":"https:\/\/websitedemos.net\/financial-accounting-04\/wp-json\/wp\/v2\/pages\/14","dynamic-page":"no","astra-page-url":"\/\/websitedemos.net\/financial-accounting-04\/about-us\/","astra-sites-tag":{"352":"about"},"site-pages-type":"agency-mini","site-pages-page-builder":"elementor","site-pages-category":[],"site-pages-parent-category":{"60":"business"},"required-plugins":[{"slug":"elementor","init":"elementor\/elementor.php","name":"Elementor"},{"slug":"ultimate-elementor","init":"ultimate-elementor\/ultimate-elementor.php","name":"Ultimate Addons for Elementor"}]},"id-45819":{"title":"Contact Us","featured-image-url":"https:\/\/websitedemos.net\/wp-content\/uploads\/2020\/03\/financial-accounting-04-contact.jpg","thumbnail-image-url":"https:\/\/websitedemos.net\/wp-content\/uploads\/2020\/03\/financial-accounting-04-contact.jpg","astra-page-api-url":"https:\/\/websitedemos.net\/financial-accounting-04\/wp-json\/wp\/v2\/pages\/17","dynamic-page":"no","astra-page-url":"\/\/websitedemos.net\/financial-accounting-04\/contact-us\/","astra-sites-tag":{"415":"contact"},"site-pages-type":"agency-mini","site-pages-page-builder":"elementor","site-pages-category":[],"site-pages-parent-category":{"60":"business"},"required-plugins":[{"slug":"elementor","init":"elementor\/elementor.php","name":"Elementor"},{"slug":"ultimate-elementor","init":"ultimate-elementor\/ultimate-elementor.php","name":"Ultimate Addons for Elementor"}]}}},"id-45836":{"title":"Financial Advisors","id":45836,"publish-date":1585222094,"featured-image-url":"https:\/\/websitedemos.net\/wp-content\/uploads\/2020\/03\/financial-accounting-03-homepage.jpg","thumbnail-image-url":"https:\/\/websitedemos.net\/wp-content\/uploads\/2020\/03\/financial-accounting-03-homepage.jpg","fullpage-thumbnail-image-url":"https:\/\/websitedemos.net\/wp-content\/uploads\/2020\/03\/financial-accounting-03-homepage.jpg","astra-site-url":"\/\/websitedemos.net\/financial-accounting-03","astra-site-parent-id":1486,"astra-sites-tag":{"447":"accountant","448":"accounting","581":"advice","449":"chartered-accountant","446":"finance","582":"financial-investment","775":"investment-banking"},"astra-sites-type":"agency-mini","astra-site-category":{"27":"business"},"astra-site-page-builder":"beaver-builder","categories":{"2481":"finance-service"},"required-plugins":[{"slug":"astra-addon","init":"astra-addon\/astra-addon.php","name":"Astra Pro"},{"slug":"astra-widgets","init":"astra-widgets\/astra-widgets.php","name":"Astra Widgets"},{"slug":"beaver-builder-lite-version","init":"beaver-builder-lite-version\/fl-builder.php","name":"Beaver Builder Plugin (Lite Version)"},{"slug":"bb-ultimate-addon","init":"bb-ultimate-addon\/bb-ultimate-addon.php","name":"Ultimate Addons for Beaver Builder"}],"pages":{"id-45839":{"title":"Home","featured-image-url":"https:\/\/websitedemos.net\/wp-content\/uploads\/2020\/03\/financial-accounting-03-homepage.jpg","thumbnail-image-url":"https:\/\/websitedemos.net\/wp-content\/uploads\/2020\/03\/financial-accounting-03-homepage.jpg","astra-page-api-url":"https:\/\/websitedemos.net\/financial-accounting-03\/wp-json\/wp\/v2\/pages\/13","dynamic-page":"no","astra-page-url":"\/\/websitedemos.net\/financial-accounting-03\/","astra-sites-tag":{"423":"home"},"site-pages-type":"agency-mini","site-pages-page-builder":"beaver-builder","site-pages-category":[],"site-pages-parent-category":{"60":"business"},"required-plugins":[{"slug":"beaver-builder-lite-version","init":"beaver-builder-lite-version\/fl-builder.php","name":"Beaver Builder Plugin (Lite Version)"},{"slug":"bb-ultimate-addon","init":"bb-ultimate-addon\/bb-ultimate-addon.php","name":"Ultimate Addons for Beaver Builder"}]},"id-45841":{"title":"Services","featured-image-url":"https:\/\/websitedemos.net\/wp-content\/uploads\/2020\/03\/financial-accounting-03-services.jpg","thumbnail-image-url":"https:\/\/websitedemos.net\/wp-content\/uploads\/2020\/03\/financial-accounting-03-services.jpg","astra-page-api-url":"https:\/\/websitedemos.net\/financial-accounting-03\/wp-json\/wp\/v2\/pages\/15","dynamic-page":"no","astra-page-url":"\/\/websitedemos.net\/financial-accounting-03\/services\/","astra-sites-tag":{"425":"services"},"site-pages-type":"agency-mini","site-pages-page-builder":"beaver-builder","site-pages-category":[],"site-pages-parent-category":{"60":"business"},"required-plugins":[{"slug":"beaver-builder-lite-version","init":"beaver-builder-lite-version\/fl-builder.php","name":"Beaver Builder Plugin (Lite Version)"},{"slug":"bb-ultimate-addon","init":"bb-ultimate-addon\/bb-ultimate-addon.php","name":"Ultimate Addons for Beaver Builder"}]},"id-45840":{"title":"Industries","featured-image-url":"https:\/\/websitedemos.net\/wp-content\/uploads\/2020\/03\/financial-accounting-03-industries.jpg","thumbnail-image-url":"https:\/\/websitedemos.net\/wp-content\/uploads\/2020\/03\/financial-accounting-03-industries.jpg","astra-page-api-url":"https:\/\/websitedemos.net\/financial-accounting-03\/wp-json\/wp\/v2\/pages\/16","dynamic-page":"no","astra-page-url":"\/\/websitedemos.net\/financial-accounting-03\/industries\/","astra-sites-tag":{"493":"industries"},"site-pages-type":"agency-mini","site-pages-page-builder":"beaver-builder","site-pages-category":[],"site-pages-parent-category":{"60":"business"},"required-plugins":[{"slug":"beaver-builder-lite-version","init":"beaver-builder-lite-version\/fl-builder.php","name":"Beaver Builder Plugin (Lite Version)"},{"slug":"bb-ultimate-addon","init":"bb-ultimate-addon\/bb-ultimate-addon.php","name":"Ultimate Addons for Beaver Builder"}]},"id-45837":{"title":"About Us","featured-image-url":"https:\/\/websitedemos.net\/wp-content\/uploads\/2020\/03\/financial-accounting-03-about.jpg","thumbnail-image-url":"https:\/\/websitedemos.net\/wp-content\/uploads\/2020\/03\/financial-accounting-03-about.jpg","astra-page-api-url":"https:\/\/websitedemos.net\/financial-accounting-03\/wp-json\/wp\/v2\/pages\/14","dynamic-page":"no","astra-page-url":"\/\/websitedemos.net\/financial-accounting-03\/about-us\/","astra-sites-tag":{"352":"about"},"site-pages-type":"agency-mini","site-pages-page-builder":"beaver-builder","site-pages-category":[],"site-pages-parent-category":{"60":"business"},"required-plugins":[{"slug":"beaver-builder-lite-version","init":"beaver-builder-lite-version\/fl-builder.php","name":"Beaver Builder Plugin (Lite Version)"},{"slug":"bb-ultimate-addon","init":"bb-ultimate-addon\/bb-ultimate-addon.php","name":"Ultimate Addons for Beaver Builder"}]},"id-45838":{"title":"Contact Us","featured-image-url":"https:\/\/websitedemos.net\/wp-content\/uploads\/2020\/03\/financial-accounting-03-contact.jpg","thumbnail-image-url":"https:\/\/websitedemos.net\/wp-content\/uploads\/2020\/03\/financial-accounting-03-contact.jpg","astra-page-api-url":"https:\/\/websitedemos.net\/financial-accounting-03\/wp-json\/wp\/v2\/pages\/17","dynamic-page":"no","astra-page-url":"\/\/websitedemos.net\/financial-accounting-03\/contact-us\/","astra-sites-tag":{"415":"contact"},"site-pages-type":"agency-mini","site-pages-page-builder":"beaver-builder","site-pages-category":[],"site-pages-parent-category":{"60":"business"},"required-plugins":[{"slug":"beaver-builder-lite-version","init":"beaver-builder-lite-version\/fl-builder.php","name":"Beaver Builder Plugin (Lite Version)"},{"slug":"bb-ultimate-addon","init":"bb-ultimate-addon\/bb-ultimate-addon.php","name":"Ultimate Addons for Beaver Builder"}]}}},"id-45806":{"title":"Financial Advisor","id":45806,"publish-date":1585220378,"featured-image-url":"https:\/\/websitedemos.net\/wp-content\/uploads\/2020\/03\/financial-accounting-06-home-01.jpg","thumbnail-image-url":"https:\/\/websitedemos.net\/wp-content\/uploads\/2020\/03\/financial-accounting-06-home-01.jpg","fullpage-thumbnail-image-url":"https:\/\/websitedemos.net\/wp-content\/uploads\/2020\/03\/financial-accounting-06-home-01.jpg","astra-site-url":"\/\/websitedemos.net\/financial-accounting-06","astra-site-parent-id":1484,"astra-sites-tag":{"447":"accountant","448":"accounting","581":"advice","449":"chartered-accountant","446":"finance","582":"financial-investment","775":"investment-banking"},"astra-sites-type":"agency-mini","astra-site-category":{"27":"business"},"astra-site-page-builder":"brizy","categories":[],"required-plugins":[{"slug":"astra-addon","init":"astra-addon\/astra-addon.php","name":"Astra Pro"},{"slug":"astra-widgets","init":"astra-widgets\/astra-widgets.php","name":"Astra Widgets"},{"slug":"brizy","init":"brizy\/brizy.php","name":"Brizy"}],"pages":{"id-45809":{"title":"Home","featured-image-url":"https:\/\/websitedemos.net\/wp-content\/uploads\/2020\/03\/financial-accounting-06-home-01.jpg","thumbnail-image-url":"https:\/\/websitedemos.net\/wp-content\/uploads\/2020\/03\/financial-accounting-06-home-01.jpg","astra-page-api-url":"https:\/\/websitedemos.net\/financial-accounting-06\/wp-json\/wp\/v2\/pages\/232","dynamic-page":"no","astra-page-url":"\/\/websitedemos.net\/financial-accounting-06\/","astra-sites-tag":{"423":"home"},"site-pages-type":"agency-mini","site-pages-page-builder":"brizy","site-pages-category":[],"site-pages-parent-category":{"60":"business"},"required-plugins":[{"slug":"brizy","init":"brizy\/brizy.php","name":"Brizy"}]},"id-45811":{"title":"Services","featured-image-url":"https:\/\/websitedemos.net\/wp-content\/uploads\/2020\/03\/financial-accounting-06-services-01.jpg","thumbnail-image-url":"https:\/\/websitedemos.net\/wp-content\/uploads\/2020\/03\/financial-accounting-06-services-01.jpg","astra-page-api-url":"https:\/\/websitedemos.net\/financial-accounting-06\/wp-json\/wp\/v2\/pages\/291","dynamic-page":"no","astra-page-url":"\/\/websitedemos.net\/financial-accounting-06\/services\/","astra-sites-tag":{"425":"services"},"site-pages-type":"agency-mini","site-pages-page-builder":"brizy","site-pages-category":[],"site-pages-parent-category":{"60":"business"},"required-plugins":[{"slug":"brizy","init":"brizy\/brizy.php","name":"Brizy"}]},"id-45810":{"title":"Industries","featured-image-url":"https:\/\/websitedemos.net\/wp-content\/uploads\/2020\/03\/financial-accounting-06-industries-01.jpg","thumbnail-image-url":"https:\/\/websitedemos.net\/wp-content\/uploads\/2020\/03\/financial-accounting-06-industries-01.jpg","astra-page-api-url":"https:\/\/websitedemos.net\/financial-accounting-06\/wp-json\/wp\/v2\/pages\/300","dynamic-page":"no","astra-page-url":"\/\/websitedemos.net\/financial-accounting-06\/industries\/","astra-sites-tag":{"493":"industries"},"site-pages-type":"agency-mini","site-pages-page-builder":"brizy","site-pages-category":[],"site-pages-parent-category":{"60":"business"},"required-plugins":[{"slug":"brizy","init":"brizy\/brizy.php","name":"Brizy"}]},"id-45807":{"title":"About Us","featured-image-url":"https:\/\/websitedemos.net\/wp-content\/uploads\/2020\/03\/financial-accounting-06-about-us-01.jpg","thumbnail-image-url":"https:\/\/websitedemos.net\/wp-content\/uploads\/2020\/03\/financial-accounting-06-about-us-01.jpg","astra-page-api-url":"https:\/\/websitedemos.net\/financial-accounting-06\/wp-json\/wp\/v2\/pages\/310","dynamic-page":"no","astra-page-url":"\/\/websitedemos.net\/financial-accounting-06\/about-us\/","astra-sites-tag":{"352":"about"},"site-pages-type":"agency-mini","site-pages-page-builder":"brizy","site-pages-category":[],"site-pages-parent-category":{"60":"business"},"required-plugins":[{"slug":"brizy","init":"brizy\/brizy.php","name":"Brizy"}]},"id-45808":{"title":"Contact Us","featured-image-url":"https:\/\/websitedemos.net\/wp-content\/uploads\/2020\/03\/financial-accounting-06-contact-us-01.jpg","thumbnail-image-url":"https:\/\/websitedemos.net\/wp-content\/uploads\/2020\/03\/financial-accounting-06-contact-us-01.jpg","astra-page-api-url":"https:\/\/websitedemos.net\/financial-accounting-06\/wp-json\/wp\/v2\/pages\/317","dynamic-page":"no","astra-page-url":"\/\/websitedemos.net\/financial-accounting-06\/contact-us\/","astra-sites-tag":{"415":"contact"},"site-pages-type":"agency-mini","site-pages-page-builder":"brizy","site-pages-category":[],"site-pages-parent-category":{"60":"business"},"required-plugins":[{"slug":"brizy","init":"brizy\/brizy.php","name":"Brizy"}]}}},"id-21041":{"title":"Freelancer","id":21041,"publish-date":1552457751,"featured-image-url":"https:\/\/websitedemos.net\/wp-content\/uploads\/2019\/07\/freelancer-04-home.jpg","thumbnail-image-url":"https:\/\/websitedemos.net\/wp-content\/uploads\/2019\/07\/freelancer-04-home.jpg","fullpage-thumbnail-image-url":"https:\/\/websitedemos.net\/wp-content\/uploads\/2019\/07\/freelancer-04-home.jpg","astra-site-url":"\/\/websitedemos.net\/freelancer-06","astra-site-parent-id":151,"astra-sites-tag":{"339":"artist","670":"designer","669":"freelancer","671":"service-provider"},"astra-sites-type":"agency-mini","astra-site-category":{"27":"business"},"astra-site-page-builder":"brizy","categories":[],"required-plugins":[{"slug":"astra-addon","init":"astra-addon\/astra-addon.php","name":"Astra Pro"},{"slug":"astra-widgets","init":"astra-widgets\/astra-widgets.php","name":"Astra Widgets"},{"slug":"brizy","init":"brizy\/brizy.php","name":"Brizy"}],"pages":{"id-23435":{"title":"Home","featured-image-url":"https:\/\/websitedemos.net\/wp-content\/uploads\/2019\/07\/freelancer-04-home.jpg","thumbnail-image-url":"https:\/\/websitedemos.net\/wp-content\/uploads\/2019\/07\/freelancer-04-home.jpg","astra-page-api-url":"https:\/\/websitedemos.net\/freelancer-06\/wp-json\/wp\/v2\/pages\/469","dynamic-page":"no","astra-page-url":"\/\/websitedemos.net\/freelancer-06\/","astra-sites-tag":{"423":"home"},"site-pages-type":"agency-mini","site-pages-page-builder":"brizy","site-pages-category":[],"site-pages-parent-category":{"60":"business"},"required-plugins":[{"slug":"brizy","init":"brizy\/brizy.php","name":"Brizy"}]}}},"id-21085":{"title":"MultiMed Clinic","id":21085,"publish-date":1552457750,"featured-image-url":"https:\/\/websitedemos.net\/wp-content\/uploads\/2019\/07\/multimed-home.jpg","thumbnail-image-url":"https:\/\/websitedemos.net\/wp-content\/uploads\/2019\/07\/multimed-home.jpg","fullpage-thumbnail-image-url":"https:\/\/websitedemos.net\/wp-content\/uploads\/2019\/07\/multimed-home.jpg","astra-site-url":"\/\/websitedemos.net\/multimed-06","astra-site-parent-id":153,"astra-sites-tag":{"337":"clinic","601":"doctor","604":"healthcare","605":"hospital","603":"medical","606":"medical-science","607":"treatment"},"astra-sites-type":"agency-mini","astra-site-category":{"27":"business"},"astra-site-page-builder":"brizy","categories":[],"required-plugins":[{"slug":"astra-addon","init":"astra-addon\/astra-addon.php","name":"Astra Pro"},{"slug":"brizy","init":"brizy\/brizy.php","name":"Brizy"}],"pages":{"id-23451":{"title":"Home","featured-image-url":"https:\/\/websitedemos.net\/wp-content\/uploads\/2019\/07\/multimed-home.jpg","thumbnail-image-url":"https:\/\/websitedemos.net\/wp-content\/uploads\/2019\/07\/multimed-home.jpg","astra-page-api-url":"https:\/\/websitedemos.net\/multimed-06\/wp-json\/wp\/v2\/pages\/284","dynamic-page":"no","astra-page-url":"\/\/websitedemos.net\/multimed-06\/","astra-sites-tag":{"423":"home"},"site-pages-type":"agency-mini","site-pages-page-builder":"brizy","site-pages-category":[],"site-pages-parent-category":{"60":"business"},"required-plugins":[{"slug":"brizy","init":"brizy\/brizy.php","name":"Brizy"}]},"id-23447":{"title":"About","featured-image-url":"https:\/\/websitedemos.net\/wp-content\/uploads\/2019\/07\/multimed-about.jpg","thumbnail-image-url":"https:\/\/websitedemos.net\/wp-content\/uploads\/2019\/07\/multimed-about.jpg","astra-page-api-url":"https:\/\/websitedemos.net\/multimed-06\/wp-json\/wp\/v2\/pages\/331","dynamic-page":"no","astra-page-url":"\/\/websitedemos.net\/multimed-06\/about\/","astra-sites-tag":{"352":"about"},"site-pages-type":"agency-mini","site-pages-page-builder":"brizy","site-pages-category":[],"site-pages-parent-category":{"60":"business"},"required-plugins":[{"slug":"brizy","init":"brizy\/brizy.php","name":"Brizy"}]},"id-23449":{"title":"Departments","featured-image-url":"https:\/\/websitedemos.net\/wp-content\/uploads\/2019\/07\/multimed-departments.jpg","thumbnail-image-url":"https:\/\/websitedemos.net\/wp-content\/uploads\/2019\/07\/multimed-departments.jpg","astra-page-api-url":"https:\/\/websitedemos.net\/multimed-06\/wp-json\/wp\/v2\/pages\/340","dynamic-page":"no","astra-page-url":"\/\/websitedemos.net\/multimed-06\/departments\/","astra-sites-tag":{"602":"departments","811":"occupation","812":"office"},"site-pages-type":"agency-mini","site-pages-page-builder":"brizy","site-pages-category":[],"site-pages-parent-category":{"60":"business"},"required-plugins":[{"slug":"brizy","init":"brizy\/brizy.php","name":"Brizy"}]},"id-23450":{"title":"Doctors","featured-image-url":"https:\/\/websitedemos.net\/wp-content\/uploads\/2019\/07\/multimed-doctors.jpg","thumbnail-image-url":"https:\/\/websitedemos.net\/wp-content\/uploads\/2019\/07\/multimed-doctors.jpg","astra-page-api-url":"https:\/\/websitedemos.net\/multimed-06\/wp-json\/wp\/v2\/pages\/347","dynamic-page":"no","astra-page-url":"\/\/websitedemos.net\/multimed-06\/doctors\/","astra-sites-tag":{"601":"doctor"},"site-pages-type":"agency-mini","site-pages-page-builder":"brizy","site-pages-category":[],"site-pages-parent-category":{"60":"business"},"required-plugins":[{"slug":"brizy","init":"brizy\/brizy.php","name":"Brizy"}]},"id-23452":{"title":"Testimonials","featured-image-url":"https:\/\/websitedemos.net\/wp-content\/uploads\/2019\/07\/multimed-testimonials.jpg","thumbnail-image-url":"https:\/\/websitedemos.net\/wp-content\/uploads\/2019\/07\/multimed-testimonials.jpg","astra-page-api-url":"https:\/\/websitedemos.net\/multimed-06\/wp-json\/wp\/v2\/pages\/353","dynamic-page":"no","astra-page-url":"\/\/websitedemos.net\/multimed-06\/testimonials\/","astra-sites-tag":{"433":"testimonials"},"site-pages-type":"agency-mini","site-pages-page-builder":"brizy","site-pages-category":[],"site-pages-parent-category":{"60":"business"},"required-plugins":[{"slug":"brizy","init":"brizy\/brizy.php","name":"Brizy"}]},"id-23448":{"title":"Contact","featured-image-url":"https:\/\/websitedemos.net\/wp-content\/uploads\/2019\/07\/multimed-contact.jpg","thumbnail-image-url":"https:\/\/websitedemos.net\/wp-content\/uploads\/2019\/07\/multimed-contact.jpg","astra-page-api-url":"https:\/\/websitedemos.net\/multimed-06\/wp-json\/wp\/v2\/pages\/359","dynamic-page":"no","astra-page-url":"\/\/websitedemos.net\/multimed-06\/contact\/","astra-sites-tag":{"415":"contact"},"site-pages-type":"agency-mini","site-pages-page-builder":"brizy","site-pages-category":[],"site-pages-parent-category":{"60":"business"},"required-plugins":[{"slug":"brizy","init":"brizy\/brizy.php","name":"Brizy"}]}}}}