{"id-49322":{"title":"Marketing Agency","id":49322,"publish-date":1608637925,"featured-image-url":"https:\/\/websitedemos.net\/wp-content\/uploads\/2020\/12\/marketing-agency-02-home.jpg","thumbnail-image-url":"https:\/\/websitedemos.net\/wp-content\/uploads\/2020\/12\/marketing-agency-02-home.jpg","fullpage-thumbnail-image-url":"https:\/\/websitedemos.net\/wp-content\/uploads\/2020\/12\/marketing-agency-02-home.jpg","astra-site-url":"\/\/websitedemos.net\/marketing-agency-02","astra-site-parent-id":1812,"astra-sites-tag":{"1587":"advertising-agency","2232":"advertising-company","2229":"advertising-firm","663":"agency","979":"company","1588":"marketing-agency","2233":"marketing-company","2228":"marketing-firm","2230":"press-agency","2227":"promotion-firm","2231":"publicity-firm","2234":"publicity-services"},"astra-sites-type":"free","astra-site-category":{"27":"business","39":"free"},"astra-site-page-builder":"elementor","categories":{"2487":"agency"},"required-plugins":[{"slug":"elementor","init":"elementor\/elementor.php","name":"Elementor"},{"slug":"wpforms-lite","init":"wpforms-lite\/wpforms.php","name":"WPForms Lite"}],"pages":{"id-49323":{"title":"About Us","featured-image-url":"https:\/\/websitedemos.net\/wp-content\/uploads\/2020\/12\/marketing-agency-02-about-us-1.jpg","thumbnail-image-url":"https:\/\/websitedemos.net\/wp-content\/uploads\/2020\/12\/marketing-agency-02-about-us-1.jpg","astra-page-api-url":"https:\/\/websitedemos.net\/marketing-agency-02\/wp-json\/wp\/v2\/pages\/14","dynamic-page":"no","astra-page-url":"\/\/websitedemos.net\/marketing-agency-02\/about-us\/","astra-sites-tag":{"352":"about","455":"about-us"},"site-pages-type":"free","site-pages-page-builder":"elementor","site-pages-category":[],"site-pages-parent-category":{"60":"business","61":"free"},"required-plugins":[{"slug":"elementor","init":"elementor\/elementor.php","name":"Elementor"}]},"id-49324":{"title":"Case Studies","featured-image-url":"https:\/\/websitedemos.net\/wp-content\/uploads\/2020\/12\/marketing-agency-02-case-studies-1.jpg","thumbnail-image-url":"https:\/\/websitedemos.net\/wp-content\/uploads\/2020\/12\/marketing-agency-02-case-studies-1.jpg","astra-page-api-url":"https:\/\/websitedemos.net\/marketing-agency-02\/wp-json\/wp\/v2\/pages\/11","dynamic-page":"no","astra-page-url":"\/\/websitedemos.net\/marketing-agency-02\/case-studies\/","astra-sites-tag":{"780":"case-studies"},"site-pages-type":"free","site-pages-page-builder":"elementor","site-pages-category":[],"site-pages-parent-category":{"60":"business","61":"free"},"required-plugins":[{"slug":"elementor","init":"elementor\/elementor.php","name":"Elementor"}]},"id-49325":{"title":"Contact","featured-image-url":"https:\/\/websitedemos.net\/wp-content\/uploads\/2020\/12\/marketing-agency-02-contact-1.jpg","thumbnail-image-url":"https:\/\/websitedemos.net\/wp-content\/uploads\/2020\/12\/marketing-agency-02-contact-1.jpg","astra-page-api-url":"https:\/\/websitedemos.net\/marketing-agency-02\/wp-json\/wp\/v2\/pages\/16","dynamic-page":"no","astra-page-url":"\/\/websitedemos.net\/marketing-agency-02\/contact\/","astra-sites-tag":{"415":"contact"},"site-pages-type":"free","site-pages-page-builder":"elementor","site-pages-category":[],"site-pages-parent-category":{"60":"business","61":"free"},"required-plugins":[{"slug":"elementor","init":"elementor\/elementor.php","name":"Elementor"},{"slug":"wpforms-lite","init":"wpforms-lite\/wpforms.php","name":"WPForms Lite"}]},"id-49327":{"title":"What We Do","featured-image-url":"https:\/\/websitedemos.net\/wp-content\/uploads\/2020\/12\/marketing-agency-02-what-we-do-1.jpg","thumbnail-image-url":"https:\/\/websitedemos.net\/wp-content\/uploads\/2020\/12\/marketing-agency-02-what-we-do-1.jpg","astra-page-api-url":"https:\/\/websitedemos.net\/marketing-agency-02\/wp-json\/wp\/v2\/pages\/8","dynamic-page":"no","astra-page-url":"\/\/websitedemos.net\/marketing-agency-02\/what-we-do\/","astra-sites-tag":{"1605":"our-services","628":"what-we-do","1542":"what-we-offer"},"site-pages-type":"free","site-pages-page-builder":"elementor","site-pages-category":[],"site-pages-parent-category":{"60":"business","61":"free"},"required-plugins":[{"slug":"elementor","init":"elementor\/elementor.php","name":"Elementor"}]},"id-49326":{"title":"Home","featured-image-url":"https:\/\/websitedemos.net\/wp-content\/uploads\/2020\/12\/marketing-agency-02-home.jpg","thumbnail-image-url":"https:\/\/websitedemos.net\/wp-content\/uploads\/2020\/12\/marketing-agency-02-home.jpg","astra-page-api-url":"https:\/\/websitedemos.net\/marketing-agency-02\/wp-json\/wp\/v2\/pages\/6","dynamic-page":"no","astra-page-url":"\/\/websitedemos.net\/marketing-agency-02\/","astra-sites-tag":{"423":"home"},"site-pages-type":"free","site-pages-page-builder":"elementor","site-pages-category":[],"site-pages-parent-category":{"60":"business","61":"free"},"required-plugins":[{"slug":"elementor","init":"elementor\/elementor.php","name":"Elementor"}]}}},"id-58078":{"title":"Beauty Products Store","id":58078,"publish-date":1632223081,"featured-image-url":"https:\/\/websitedemos.net\/wp-content\/uploads\/2021\/09\/beauty-products-store-02-home.jpg","thumbnail-image-url":"https:\/\/websitedemos.net\/wp-content\/uploads\/2021\/09\/beauty-products-store-02-home.jpg","fullpage-thumbnail-image-url":"https:\/\/websitedemos.net\/wp-content\/uploads\/2021\/09\/beauty-products-store-02-home.jpg","astra-site-url":"\/\/websitedemos.net\/beauty-products-store-04","astra-site-parent-id":2374,"astra-sites-tag":{"2385":"beauty-products-shop","2384":"beauty-products-store","2418":"commerce","1017":"e-commerce","496":"ecommerce","1817":"ecommerce-store","2419":"eshopping","2422":"online-market","732":"online-shop","2420":"online-shopping","383":"online-store","2421":"purchases","2417":"reseller","733":"shop","2416":"shopping","749":"store","966":"woo-commerce","1024":"woocommerce"},"astra-sites-type":"agency-mini","astra-site-category":{"38":"ecommerce"},"astra-site-page-builder":"elementor","categories":{"2495":"ecommerce"},"required-plugins":[{"slug":"elementor","init":"elementor\/elementor.php","name":"Elementor"},{"slug":"header-footer-elementor","init":"header-footer-elementor\/header-footer-elementor.php","name":"Elementor Header & Footer Builder"},{"slug":"woocommerce","init":"woocommerce\/woocommerce.php","name":"WooCommerce"},{"slug":"wpforms-lite","init":"wpforms-lite\/wpforms.php","name":"WPForms Lite"}],"pages":{"id-58079":{"title":"About Us","featured-image-url":"https:\/\/websitedemos.net\/wp-content\/uploads\/2021\/09\/beauty-products-store-02-about.jpg","thumbnail-image-url":"https:\/\/websitedemos.net\/wp-content\/uploads\/2021\/09\/beauty-products-store-02-about.jpg","astra-page-api-url":"https:\/\/websitedemos.net\/beauty-products-store-04\/wp-json\/wp\/v2\/pages\/18","dynamic-page":"no","astra-page-url":"\/\/websitedemos.net\/beauty-products-store-04\/about-us\/","astra-sites-tag":{"352":"about"},"site-pages-type":"agency-mini","site-pages-page-builder":"elementor","site-pages-category":[],"site-pages-parent-category":{"64":"ecommerce"},"required-plugins":[{"slug":"elementor","init":"elementor\/elementor.php","name":"Elementor"}]},"id-58080":{"title":"Contact","featured-image-url":"https:\/\/websitedemos.net\/wp-content\/uploads\/2021\/09\/beauty-products-store-02-contact.jpg","thumbnail-image-url":"https:\/\/websitedemos.net\/wp-content\/uploads\/2021\/09\/beauty-products-store-02-contact.jpg","astra-page-api-url":"https:\/\/websitedemos.net\/beauty-products-store-04\/wp-json\/wp\/v2\/pages\/20","dynamic-page":"no","astra-page-url":"\/\/websitedemos.net\/beauty-products-store-04\/contact\/","astra-sites-tag":{"415":"contact"},"site-pages-type":"agency-mini","site-pages-page-builder":"elementor","site-pages-category":[],"site-pages-parent-category":{"64":"ecommerce"},"required-plugins":[{"slug":"elementor","init":"elementor\/elementor.php","name":"Elementor"},{"slug":"wpforms-lite","init":"wpforms-lite\/wpforms.php","name":"WPForms Lite"}]},"id-58081":{"title":"Home","featured-image-url":"https:\/\/websitedemos.net\/wp-content\/uploads\/2021\/09\/beauty-products-store-02-home.jpg","thumbnail-image-url":"https:\/\/websitedemos.net\/wp-content\/uploads\/2021\/09\/beauty-products-store-02-home.jpg","astra-page-api-url":"https:\/\/websitedemos.net\/beauty-products-store-04\/wp-json\/wp\/v2\/pages\/6","dynamic-page":"no","astra-page-url":"\/\/websitedemos.net\/beauty-products-store-04\/","astra-sites-tag":{"423":"home"},"site-pages-type":"agency-mini","site-pages-page-builder":"elementor","site-pages-category":[],"site-pages-parent-category":{"64":"ecommerce"},"required-plugins":[{"slug":"elementor","init":"elementor\/elementor.php","name":"Elementor"}]}}},"id-49385":{"title":"Calligraphy Artist","id":49385,"publish-date":1608714981,"featured-image-url":"https:\/\/websitedemos.net\/wp-content\/uploads\/2020\/12\/calligraphy-artist-02-home.jpg","thumbnail-image-url":"https:\/\/websitedemos.net\/wp-content\/uploads\/2020\/12\/calligraphy-artist-02-home.jpg","fullpage-thumbnail-image-url":"https:\/\/websitedemos.net\/wp-content\/uploads\/2020\/12\/calligraphy-artist-02-home.jpg","astra-site-url":"\/\/websitedemos.net\/calligraphy-artist-02","astra-site-parent-id":1819,"astra-sites-tag":{"1820":"calligraphy","1826":"characters","1824":"chirography","1821":"handwriting","1825":"pencraft","1823":"script","1827":"style","1822":"writing"},"astra-sites-type":"free","astra-site-category":{"27":"business","39":"free"},"astra-site-page-builder":"elementor","categories":{"2488":"portfolio"},"required-plugins":[{"slug":"elementor","init":"elementor\/elementor.php","name":"Elementor"},{"slug":"wpforms-lite","init":"wpforms-lite\/wpforms.php","name":"WPForms Lite"}],"pages":{"id-49386":{"title":"About","featured-image-url":"https:\/\/websitedemos.net\/wp-content\/uploads\/2020\/12\/calligraphy-artist-02-about-1.jpg","thumbnail-image-url":"https:\/\/websitedemos.net\/wp-content\/uploads\/2020\/12\/calligraphy-artist-02-about-1.jpg","astra-page-api-url":"https:\/\/websitedemos.net\/calligraphy-artist-02\/wp-json\/wp\/v2\/pages\/301","dynamic-page":"no","astra-page-url":"\/\/websitedemos.net\/calligraphy-artist-02\/about\/","astra-sites-tag":{"352":"about"},"site-pages-type":"free","site-pages-page-builder":"elementor","site-pages-category":[],"site-pages-parent-category":{"60":"business","61":"free"},"required-plugins":[{"slug":"elementor","init":"elementor\/elementor.php","name":"Elementor"}]},"id-49390":{"title":"Works","featured-image-url":"https:\/\/websitedemos.net\/wp-content\/uploads\/2020\/12\/calligraphy-artist-02-work.jpg","thumbnail-image-url":"https:\/\/websitedemos.net\/wp-content\/uploads\/2020\/12\/calligraphy-artist-02-work.jpg","astra-page-api-url":"https:\/\/websitedemos.net\/calligraphy-artist-02\/wp-json\/wp\/v2\/pages\/181","dynamic-page":"no","astra-page-url":"\/\/websitedemos.net\/calligraphy-artist-02\/works\/","astra-sites-tag":{"451":"work"},"site-pages-type":"free","site-pages-page-builder":"elementor","site-pages-category":[],"site-pages-parent-category":{"60":"business","61":"free"},"required-plugins":[{"slug":"elementor","init":"elementor\/elementor.php","name":"Elementor"}]},"id-49389":{"title":"Services","featured-image-url":"https:\/\/websitedemos.net\/wp-content\/uploads\/2020\/12\/calligraphy-artist-02-expertise.jpg","thumbnail-image-url":"https:\/\/websitedemos.net\/wp-content\/uploads\/2020\/12\/calligraphy-artist-02-expertise.jpg","astra-page-api-url":"https:\/\/websitedemos.net\/calligraphy-artist-02\/wp-json\/wp\/v2\/pages\/253","dynamic-page":"no","astra-page-url":"\/\/websitedemos.net\/calligraphy-artist-02\/services\/","astra-sites-tag":{"425":"services"},"site-pages-type":"free","site-pages-page-builder":"elementor","site-pages-category":[],"site-pages-parent-category":{"60":"business","61":"free"},"required-plugins":[{"slug":"elementor","init":"elementor\/elementor.php","name":"Elementor"}]},"id-49387":{"title":"Contact","featured-image-url":"https:\/\/websitedemos.net\/wp-content\/uploads\/2020\/12\/calligraphy-artist-02-contact-1.jpg","thumbnail-image-url":"https:\/\/websitedemos.net\/wp-content\/uploads\/2020\/12\/calligraphy-artist-02-contact-1.jpg","astra-page-api-url":"https:\/\/websitedemos.net\/calligraphy-artist-02\/wp-json\/wp\/v2\/pages\/350","dynamic-page":"no","astra-page-url":"\/\/websitedemos.net\/calligraphy-artist-02\/contact\/","astra-sites-tag":{"415":"contact"},"site-pages-type":"free","site-pages-page-builder":"elementor","site-pages-category":[],"site-pages-parent-category":{"60":"business","61":"free"},"required-plugins":[{"slug":"elementor","init":"elementor\/elementor.php","name":"Elementor"},{"slug":"wpforms-lite","init":"wpforms-lite\/wpforms.php","name":"WPForms Lite"}]},"id-49388":{"title":"Home","featured-image-url":"https:\/\/websitedemos.net\/wp-content\/uploads\/2020\/12\/calligraphy-artist-02-home.jpg","thumbnail-image-url":"https:\/\/websitedemos.net\/wp-content\/uploads\/2020\/12\/calligraphy-artist-02-home.jpg","astra-page-api-url":"https:\/\/websitedemos.net\/calligraphy-artist-02\/wp-json\/wp\/v2\/pages\/11","dynamic-page":"no","astra-page-url":"\/\/websitedemos.net\/calligraphy-artist-02\/","astra-sites-tag":{"423":"home"},"site-pages-type":"free","site-pages-page-builder":"elementor","site-pages-category":[],"site-pages-parent-category":{"60":"business","61":"free"},"required-plugins":[{"slug":"elementor","init":"elementor\/elementor.php","name":"Elementor"}]}}},"id-49291":{"title":"BBQ Food Truck","id":49291,"publish-date":1607968465,"featured-image-url":"https:\/\/websitedemos.net\/wp-content\/uploads\/2020\/12\/bbq-food-truck-04.jpg","thumbnail-image-url":"https:\/\/websitedemos.net\/wp-content\/uploads\/2020\/12\/bbq-food-truck-04.jpg","fullpage-thumbnail-image-url":"https:\/\/websitedemos.net\/wp-content\/uploads\/2020\/12\/bbq-food-truck-04.jpg","astra-site-url":"\/\/websitedemos.net\/bbq-food-truck-04","astra-site-parent-id":1807,"astra-sites-tag":{"1808":"food-truck","1810":"ice-cream-truck-2","1809":"ice-cream-truck"},"astra-sites-type":"agency-mini","astra-site-category":{"27":"business"},"astra-site-page-builder":"elementor","categories":{"2496":"restaurant-food"},"required-plugins":[{"slug":"elementor","init":"elementor\/elementor.php","name":"Elementor"},{"slug":"wpforms-lite","init":"wpforms-lite\/wpforms.php","name":"WPForms Lite"}],"pages":{"id-49292":{"title":"Home","featured-image-url":"https:\/\/websitedemos.net\/wp-content\/uploads\/2020\/12\/bbq-food-truck-04.jpg","thumbnail-image-url":"https:\/\/websitedemos.net\/wp-content\/uploads\/2020\/12\/bbq-food-truck-04.jpg","astra-page-api-url":"https:\/\/websitedemos.net\/bbq-food-truck-04\/wp-json\/wp\/v2\/pages\/9","dynamic-page":"no","astra-page-url":"\/\/websitedemos.net\/bbq-food-truck-04\/","astra-sites-tag":{"423":"home","1718":"onepage"},"site-pages-type":"agency-mini","site-pages-page-builder":"elementor","site-pages-category":[],"site-pages-parent-category":{"60":"business"},"required-plugins":[{"slug":"elementor","init":"elementor\/elementor.php","name":"Elementor"},{"slug":"wpforms-lite","init":"wpforms-lite\/wpforms.php","name":"WPForms Lite"}]}}},"id-49316":{"title":"Musical Instruments","id":49316,"publish-date":1608714983,"featured-image-url":"https:\/\/websitedemos.net\/wp-content\/uploads\/2020\/12\/musical-instrument-maker-02-home.jpg","thumbnail-image-url":"https:\/\/websitedemos.net\/wp-content\/uploads\/2020\/12\/musical-instrument-maker-02-home.jpg","fullpage-thumbnail-image-url":"https:\/\/websitedemos.net\/wp-content\/uploads\/2020\/12\/musical-instrument-maker-02-home.jpg","astra-site-url":"\/\/websitedemos.net\/musical-instrument-maker-02","astra-site-parent-id":1811,"astra-sites-tag":{"2248":"guitar-maker","2249":"instrumentalist","407":"music","2250":"music-craftsperson","2246":"music-instrument","1814":"musical-instrument-maker"},"astra-sites-type":"free","astra-site-category":{"27":"business","39":"free"},"astra-site-page-builder":"elementor","categories":{"2486":"art-music"},"required-plugins":[{"slug":"elementor","init":"elementor\/elementor.php","name":"Elementor"},{"slug":"wpforms-lite","init":"wpforms-lite\/wpforms.php","name":"WPForms Lite"}],"pages":{"id-49317":{"title":"Artists","featured-image-url":"https:\/\/websitedemos.net\/wp-content\/uploads\/2020\/12\/musical-instrument-maker-02-artists.jpg","thumbnail-image-url":"https:\/\/websitedemos.net\/wp-content\/uploads\/2020\/12\/musical-instrument-maker-02-artists.jpg","astra-page-api-url":"https:\/\/websitedemos.net\/musical-instrument-maker-02\/wp-json\/wp\/v2\/pages\/405","dynamic-page":"no","astra-page-url":"\/\/websitedemos.net\/musical-instrument-maker-02\/artists\/","astra-sites-tag":{"339":"artist"},"site-pages-type":"free","site-pages-page-builder":"elementor","site-pages-category":[],"site-pages-parent-category":{"60":"business","61":"free"},"required-plugins":[{"slug":"elementor","init":"elementor\/elementor.php","name":"Elementor"}]},"id-49318":{"title":"Contact","featured-image-url":"https:\/\/websitedemos.net\/wp-content\/uploads\/2020\/12\/musical-instrument-maker-02-contact.jpg","thumbnail-image-url":"https:\/\/websitedemos.net\/wp-content\/uploads\/2020\/12\/musical-instrument-maker-02-contact.jpg","astra-page-api-url":"https:\/\/websitedemos.net\/musical-instrument-maker-02\/wp-json\/wp\/v2\/pages\/760","dynamic-page":"no","astra-page-url":"\/\/websitedemos.net\/musical-instrument-maker-02\/contact\/","astra-sites-tag":{"415":"contact"},"site-pages-type":"free","site-pages-page-builder":"elementor","site-pages-category":[],"site-pages-parent-category":{"60":"business","61":"free"},"required-plugins":[{"slug":"elementor","init":"elementor\/elementor.php","name":"Elementor"},{"slug":"wpforms-lite","init":"wpforms-lite\/wpforms.php","name":"WPForms Lite"}]},"id-49319":{"title":"Guitars","featured-image-url":"https:\/\/websitedemos.net\/wp-content\/uploads\/2020\/12\/musical-instrument-maker-02-guitars.jpg","thumbnail-image-url":"https:\/\/websitedemos.net\/wp-content\/uploads\/2020\/12\/musical-instrument-maker-02-guitars.jpg","astra-page-api-url":"https:\/\/websitedemos.net\/musical-instrument-maker-02\/wp-json\/wp\/v2\/pages\/338","dynamic-page":"no","astra-page-url":"\/\/websitedemos.net\/musical-instrument-maker-02\/guitars\/","astra-sites-tag":{"1815":"guitars","540":"products"},"site-pages-type":"free","site-pages-page-builder":"elementor","site-pages-category":[],"site-pages-parent-category":{"60":"business","61":"free"},"required-plugins":[{"slug":"elementor","init":"elementor\/elementor.php","name":"Elementor"}]},"id-49320":{"title":"Home","featured-image-url":"https:\/\/websitedemos.net\/wp-content\/uploads\/2020\/12\/musical-instrument-maker-02-home.jpg","thumbnail-image-url":"https:\/\/websitedemos.net\/wp-content\/uploads\/2020\/12\/musical-instrument-maker-02-home.jpg","astra-page-api-url":"https:\/\/websitedemos.net\/musical-instrument-maker-02\/wp-json\/wp\/v2\/pages\/4","dynamic-page":"no","astra-page-url":"\/\/websitedemos.net\/musical-instrument-maker-02\/","astra-sites-tag":{"423":"home"},"site-pages-type":"free","site-pages-page-builder":"elementor","site-pages-category":[],"site-pages-parent-category":{"60":"business","61":"free"},"required-plugins":[{"slug":"elementor","init":"elementor\/elementor.php","name":"Elementor"}]},"id-49321":{"title":"Our Story","featured-image-url":"https:\/\/websitedemos.net\/wp-content\/uploads\/2020\/12\/musical-instrument-maker-02-about.jpg","thumbnail-image-url":"https:\/\/websitedemos.net\/wp-content\/uploads\/2020\/12\/musical-instrument-maker-02-about.jpg","astra-page-api-url":"https:\/\/websitedemos.net\/musical-instrument-maker-02\/wp-json\/wp\/v2\/pages\/612","dynamic-page":"no","astra-page-url":"\/\/websitedemos.net\/musical-instrument-maker-02\/our-story\/","astra-sites-tag":{"455":"about-us","905":"our-story"},"site-pages-type":"free","site-pages-page-builder":"elementor","site-pages-category":[],"site-pages-parent-category":{"60":"business","61":"free"},"required-plugins":[{"slug":"elementor","init":"elementor\/elementor.php","name":"Elementor"}]}}},"id-56632":{"title":"Musical Instruments","id":56632,"publish-date":1624912490,"featured-image-url":"https:\/\/websitedemos.net\/wp-content\/uploads\/2021\/06\/musical-instrument-maker-08-home.jpg","thumbnail-image-url":"https:\/\/websitedemos.net\/wp-content\/uploads\/2021\/06\/musical-instrument-maker-08-home.jpg","fullpage-thumbnail-image-url":"https:\/\/websitedemos.net\/wp-content\/uploads\/2021\/06\/musical-instrument-maker-08-home.jpg","astra-site-url":"\/\/websitedemos.net\/musical-instrument-maker-08","astra-site-parent-id":2245,"astra-sites-tag":{"2248":"guitar-maker","2249":"instrumentalist","407":"music","2250":"music-craftsperson","2246":"music-instrument","1814":"musical-instrument-maker"},"astra-sites-type":"free","astra-site-category":{"27":"business","39":"free"},"astra-site-page-builder":"gutenberg","categories":{"2486":"art-music"},"required-plugins":[{"slug":"wpforms-lite","init":"wpforms-lite\/wpforms.php","name":"WPForms Lite"}],"pages":{"id-56633":{"title":"Artists","featured-image-url":"https:\/\/websitedemos.net\/wp-content\/uploads\/2021\/06\/musical-instrument-maker-08-artists.jpg","thumbnail-image-url":"https:\/\/websitedemos.net\/wp-content\/uploads\/2021\/06\/musical-instrument-maker-08-artists.jpg","astra-page-api-url":"https:\/\/websitedemos.net\/musical-instrument-maker-08\/wp-json\/wp\/v2\/pages\/984","dynamic-page":"no","astra-page-url":"\/\/websitedemos.net\/musical-instrument-maker-08\/artists\/","astra-sites-tag":{"339":"artist"},"site-pages-type":"free","site-pages-page-builder":"gutenberg","site-pages-category":[],"site-pages-parent-category":{"60":"business","61":"free"},"required-plugins":""},"id-56634":{"title":"Contact","featured-image-url":"https:\/\/websitedemos.net\/wp-content\/uploads\/2021\/06\/musical-instrument-maker-08-contact.jpg","thumbnail-image-url":"https:\/\/websitedemos.net\/wp-content\/uploads\/2021\/06\/musical-instrument-maker-08-contact.jpg","astra-page-api-url":"https:\/\/websitedemos.net\/musical-instrument-maker-08\/wp-json\/wp\/v2\/pages\/988","dynamic-page":"no","astra-page-url":"\/\/websitedemos.net\/musical-instrument-maker-08\/contact\/","astra-sites-tag":{"415":"contact"},"site-pages-type":"free","site-pages-page-builder":"gutenberg","site-pages-category":[],"site-pages-parent-category":{"60":"business","61":"free"},"required-plugins":[{"slug":"wpforms-lite","init":"wpforms-lite\/wpforms.php","name":"WPForms Lite"}]},"id-56635":{"title":"Guitars","featured-image-url":"https:\/\/websitedemos.net\/wp-content\/uploads\/2021\/06\/musical-instrument-maker-08-guitars.jpg","thumbnail-image-url":"https:\/\/websitedemos.net\/wp-content\/uploads\/2021\/06\/musical-instrument-maker-08-guitars.jpg","astra-page-api-url":"https:\/\/websitedemos.net\/musical-instrument-maker-08\/wp-json\/wp\/v2\/pages\/982","dynamic-page":"no","astra-page-url":"\/\/websitedemos.net\/musical-instrument-maker-08\/guitars\/","astra-sites-tag":{"1815":"guitars"},"site-pages-type":"free","site-pages-page-builder":"gutenberg","site-pages-category":[],"site-pages-parent-category":{"60":"business","61":"free"},"required-plugins":""},"id-56636":{"title":"Home","featured-image-url":"https:\/\/websitedemos.net\/wp-content\/uploads\/2021\/06\/musical-instrument-maker-08-home.jpg","thumbnail-image-url":"https:\/\/websitedemos.net\/wp-content\/uploads\/2021\/06\/musical-instrument-maker-08-home.jpg","astra-page-api-url":"https:\/\/websitedemos.net\/musical-instrument-maker-08\/wp-json\/wp\/v2\/pages\/980","dynamic-page":"no","astra-page-url":"\/\/websitedemos.net\/musical-instrument-maker-08\/","astra-sites-tag":{"423":"home"},"site-pages-type":"free","site-pages-page-builder":"gutenberg","site-pages-category":[],"site-pages-parent-category":{"60":"business","61":"free"},"required-plugins":""},"id-56637":{"title":"Our Story","featured-image-url":"https:\/\/websitedemos.net\/wp-content\/uploads\/2021\/06\/musical-instrument-maker-08-our-story.jpg","thumbnail-image-url":"https:\/\/websitedemos.net\/wp-content\/uploads\/2021\/06\/musical-instrument-maker-08-our-story.jpg","astra-page-api-url":"https:\/\/websitedemos.net\/musical-instrument-maker-08\/wp-json\/wp\/v2\/pages\/986","dynamic-page":"no","astra-page-url":"\/\/websitedemos.net\/musical-instrument-maker-08\/our-story\/","astra-sites-tag":{"352":"about","905":"our-story"},"site-pages-type":"free","site-pages-page-builder":"gutenberg","site-pages-category":[],"site-pages-parent-category":{"60":"business","61":"free"},"required-plugins":""}}},"id-55844":{"title":"Real Estate Agency","id":55844,"publish-date":1627060163,"featured-image-url":"https:\/\/websitedemos.net\/wp-content\/uploads\/2021\/07\/real-estate-agency-04-homepage-02.jpg","thumbnail-image-url":"https:\/\/websitedemos.net\/wp-content\/uploads\/2021\/07\/real-estate-agency-04-homepage-02.jpg","fullpage-thumbnail-image-url":"https:\/\/websitedemos.net\/wp-content\/uploads\/2021\/07\/real-estate-agency-04-homepage-02.jpg","astra-site-url":"\/\/websitedemos.net\/real-estate-agency-04","astra-site-parent-id":2221,"astra-sites-tag":{"2311":"construction-agency","2088":"construction-company","2313":"property-rentals","485":"real-estate","2310":"real-estate-agency","2314":"real-estate-developers","2312":"sales-property"},"astra-sites-type":"agency-mini","astra-site-category":{"27":"business"},"astra-site-page-builder":"elementor","categories":{"2484":"real-estate"},"required-plugins":[{"slug":"elementor","init":"elementor\/elementor.php","name":"Elementor"},{"slug":"wpforms-lite","init":"wpforms-lite\/wpforms.php","name":"WPForms Lite"}],"pages":{"id-55845":{"title":"About","featured-image-url":"https:\/\/websitedemos.net\/wp-content\/uploads\/2021\/07\/real-estate-agency-04-about.jpg","thumbnail-image-url":"https:\/\/websitedemos.net\/wp-content\/uploads\/2021\/07\/real-estate-agency-04-about.jpg","astra-page-api-url":"https:\/\/websitedemos.net\/real-estate-agency-04\/wp-json\/wp\/v2\/pages\/23","dynamic-page":"no","astra-page-url":"\/\/websitedemos.net\/real-estate-agency-04\/about\/","astra-sites-tag":{"352":"about"},"site-pages-type":"agency-mini","site-pages-page-builder":"elementor","site-pages-category":[],"site-pages-parent-category":{"60":"business"},"required-plugins":[{"slug":"elementor","init":"elementor\/elementor.php","name":"Elementor"}]},"id-55846":{"title":"Contact","featured-image-url":"https:\/\/websitedemos.net\/wp-content\/uploads\/2021\/07\/real-estate-agency-04-contact.jpg","thumbnail-image-url":"https:\/\/websitedemos.net\/wp-content\/uploads\/2021\/07\/real-estate-agency-04-contact.jpg","astra-page-api-url":"https:\/\/websitedemos.net\/real-estate-agency-04\/wp-json\/wp\/v2\/pages\/34","dynamic-page":"no","astra-page-url":"\/\/websitedemos.net\/real-estate-agency-04\/contact\/","astra-sites-tag":{"415":"contact"},"site-pages-type":"agency-mini","site-pages-page-builder":"elementor","site-pages-category":[],"site-pages-parent-category":{"60":"business"},"required-plugins":[{"slug":"elementor","init":"elementor\/elementor.php","name":"Elementor"},{"slug":"wpforms-lite","init":"wpforms-lite\/wpforms.php","name":"WPForms Lite"}]},"id-55847":{"title":"Exclusive Listing","featured-image-url":"https:\/\/websitedemos.net\/wp-content\/uploads\/2021\/07\/real-estate-agency-04-exclusive-listing.jpg","thumbnail-image-url":"https:\/\/websitedemos.net\/wp-content\/uploads\/2021\/07\/real-estate-agency-04-exclusive-listing.jpg","astra-page-api-url":"https:\/\/websitedemos.net\/real-estate-agency-04\/wp-json\/wp\/v2\/pages\/120","dynamic-page":"no","astra-page-url":"\/\/websitedemos.net\/real-estate-agency-04\/exclusive-listing\/","astra-sites-tag":{"2304":"exclusive-listing"},"site-pages-type":"agency-mini","site-pages-page-builder":"elementor","site-pages-category":[],"site-pages-parent-category":{"60":"business"},"required-plugins":[{"slug":"elementor","init":"elementor\/elementor.php","name":"Elementor"}]},"id-55848":{"title":"Exclusive Rental","featured-image-url":"https:\/\/websitedemos.net\/wp-content\/uploads\/2021\/07\/real-estate-agency-04-exclusive-rental.jpg","thumbnail-image-url":"https:\/\/websitedemos.net\/wp-content\/uploads\/2021\/07\/real-estate-agency-04-exclusive-rental.jpg","astra-page-api-url":"https:\/\/websitedemos.net\/real-estate-agency-04\/wp-json\/wp\/v2\/pages\/122","dynamic-page":"no","astra-page-url":"\/\/websitedemos.net\/real-estate-agency-04\/exclusive-rental\/","astra-sites-tag":{"2305":"exclusive-rental"},"site-pages-type":"agency-mini","site-pages-page-builder":"elementor","site-pages-category":[],"site-pages-parent-category":{"60":"business"},"required-plugins":[{"slug":"elementor","init":"elementor\/elementor.php","name":"Elementor"}]},"id-55849":{"title":"Home","featured-image-url":"https:\/\/websitedemos.net\/wp-content\/uploads\/2021\/07\/real-estate-agency-04-homepage-02.jpg","thumbnail-image-url":"https:\/\/websitedemos.net\/wp-content\/uploads\/2021\/07\/real-estate-agency-04-homepage-02.jpg","astra-page-api-url":"https:\/\/websitedemos.net\/real-estate-agency-04\/wp-json\/wp\/v2\/pages\/37","dynamic-page":"no","astra-page-url":"\/\/websitedemos.net\/real-estate-agency-04\/","astra-sites-tag":{"423":"home"},"site-pages-type":"agency-mini","site-pages-page-builder":"elementor","site-pages-category":[],"site-pages-parent-category":{"60":"business"},"required-plugins":[{"slug":"elementor","init":"elementor\/elementor.php","name":"Elementor"},{"slug":"wpforms-lite","init":"wpforms-lite\/wpforms.php","name":"WPForms Lite"}]},"id-55850":{"title":"Locations","featured-image-url":"https:\/\/websitedemos.net\/wp-content\/uploads\/2021\/07\/real-estate-agency-04-locations.jpg","thumbnail-image-url":"https:\/\/websitedemos.net\/wp-content\/uploads\/2021\/07\/real-estate-agency-04-locations.jpg","astra-page-api-url":"https:\/\/websitedemos.net\/real-estate-agency-04\/wp-json\/wp\/v2\/pages\/111","dynamic-page":"no","astra-page-url":"\/\/websitedemos.net\/real-estate-agency-04\/neighborhoods\/","astra-sites-tag":{"2306":"locations","2307":"nearby-places"},"site-pages-type":"agency-mini","site-pages-page-builder":"elementor","site-pages-category":[],"site-pages-parent-category":{"60":"business"},"required-plugins":[{"slug":"elementor","init":"elementor\/elementor.php","name":"Elementor"}]},"id-55851":{"title":"Luxury Buildings","featured-image-url":"https:\/\/websitedemos.net\/wp-content\/uploads\/2021\/07\/real-estate-agency-04-luxury-buildings.jpg","thumbnail-image-url":"https:\/\/websitedemos.net\/wp-content\/uploads\/2021\/07\/real-estate-agency-04-luxury-buildings.jpg","astra-page-api-url":"https:\/\/websitedemos.net\/real-estate-agency-04\/wp-json\/wp\/v2\/pages\/124","dynamic-page":"no","astra-page-url":"\/\/websitedemos.net\/real-estate-agency-04\/luxury-buildings\/","astra-sites-tag":{"2308":"luxury-buildings"},"site-pages-type":"agency-mini","site-pages-page-builder":"elementor","site-pages-category":[],"site-pages-parent-category":{"60":"business"},"required-plugins":[{"slug":"elementor","init":"elementor\/elementor.php","name":"Elementor"}]}}},"id-18882":{"title":"Deeplight Restaurant","id":18882,"publish-date":1536651360,"featured-image-url":"https:\/\/websitedemos.net\/wp-content\/uploads\/2019\/07\/restaurant-04-home-1.jpg","thumbnail-image-url":"https:\/\/websitedemos.net\/wp-content\/uploads\/2019\/07\/restaurant-04-home-1.jpg","fullpage-thumbnail-image-url":"https:\/\/websitedemos.net\/wp-content\/uploads\/2019\/07\/restaurant-04-home-1.jpg","astra-site-url":"\/\/websitedemos.net\/restaurant-04","astra-site-parent-id":113,"astra-sites-tag":{"562":"bistro","972":"club","560":"cuisine","561":"eatery","336":"food","350":"hotel","559":"outlet","335":"restaurant","970":"restro","971":"restro-bar"},"astra-sites-type":"agency-mini","astra-site-category":{"27":"business"},"astra-site-page-builder":"elementor","categories":{"2496":"restaurant-food"},"required-plugins":[{"slug":"elementor","init":"elementor\/elementor.php","name":"Elementor"},{"slug":"ultimate-elementor","init":"ultimate-elementor\/ultimate-elementor.php","name":"Ultimate Addons for Elementor"},{"slug":"wpforms-lite","init":"wpforms-lite\/wpforms.php","name":"WPForms Lite"}],"pages":{"id-23049":{"title":"Home","featured-image-url":"https:\/\/websitedemos.net\/wp-content\/uploads\/2019\/07\/restaurant-04-home-1.jpg","thumbnail-image-url":"https:\/\/websitedemos.net\/wp-content\/uploads\/2019\/07\/restaurant-04-home-1.jpg","astra-page-api-url":"https:\/\/websitedemos.net\/restaurant-04\/wp-json\/wp\/v2\/pages\/34","dynamic-page":"no","astra-page-url":"\/\/websitedemos.net\/restaurant-04\/","astra-sites-tag":{"423":"home"},"site-pages-type":"agency-mini","site-pages-page-builder":"elementor","site-pages-category":[],"site-pages-parent-category":{"60":"business"},"required-plugins":[{"slug":"elementor","init":"elementor\/elementor.php","name":"Elementor"},{"slug":"ultimate-elementor","init":"ultimate-elementor\/ultimate-elementor.php","name":"Ultimate Addons for Elementor"}]},"id-23050":{"title":"Menu","featured-image-url":"https:\/\/websitedemos.net\/wp-content\/uploads\/2019\/07\/restaurant-04-menu-1.jpg","thumbnail-image-url":"https:\/\/websitedemos.net\/wp-content\/uploads\/2019\/07\/restaurant-04-menu-1.jpg","astra-page-api-url":"https:\/\/websitedemos.net\/restaurant-04\/wp-json\/wp\/v2\/pages\/35","dynamic-page":"no","astra-page-url":"\/\/websitedemos.net\/restaurant-04\/menu\/","astra-sites-tag":{"565":"menu"},"site-pages-type":"agency-mini","site-pages-page-builder":"elementor","site-pages-category":[],"site-pages-parent-category":{"60":"business"},"required-plugins":[{"slug":"elementor","init":"elementor\/elementor.php","name":"Elementor"},{"slug":"ultimate-elementor","init":"ultimate-elementor\/ultimate-elementor.php","name":"Ultimate Addons for Elementor"}]},"id-23045":{"title":"About","featured-image-url":"https:\/\/websitedemos.net\/wp-content\/uploads\/2019\/07\/restaurant-04-about-2.jpg","thumbnail-image-url":"https:\/\/websitedemos.net\/wp-content\/uploads\/2019\/07\/restaurant-04-about-2.jpg","astra-page-api-url":"https:\/\/websitedemos.net\/restaurant-04\/wp-json\/wp\/v2\/pages\/36","dynamic-page":"no","astra-page-url":"\/\/websitedemos.net\/restaurant-04\/about\/","astra-sites-tag":{"352":"about"},"site-pages-type":"agency-mini","site-pages-page-builder":"elementor","site-pages-category":[],"site-pages-parent-category":{"60":"business"},"required-plugins":[{"slug":"elementor","init":"elementor\/elementor.php","name":"Elementor"},{"slug":"ultimate-elementor","init":"ultimate-elementor\/ultimate-elementor.php","name":"Ultimate Addons for Elementor"}]},"id-23048":{"title":"Gallery","featured-image-url":"https:\/\/websitedemos.net\/wp-content\/uploads\/2019\/07\/restaurant-04-gallery.jpg","thumbnail-image-url":"https:\/\/websitedemos.net\/wp-content\/uploads\/2019\/07\/restaurant-04-gallery.jpg","astra-page-api-url":"https:\/\/websitedemos.net\/restaurant-04\/wp-json\/wp\/v2\/pages\/37","dynamic-page":"no","astra-page-url":"\/\/websitedemos.net\/restaurant-04\/gallery\/","astra-sites-tag":{"461":"gallery"},"site-pages-type":"agency-mini","site-pages-page-builder":"elementor","site-pages-category":[],"site-pages-parent-category":{"60":"business"},"required-plugins":[{"slug":"elementor","init":"elementor\/elementor.php","name":"Elementor"},{"slug":"ultimate-elementor","init":"ultimate-elementor\/ultimate-elementor.php","name":"Ultimate Addons for Elementor"}]},"id-23051":{"title":"Testimonials","featured-image-url":"https:\/\/websitedemos.net\/wp-content\/uploads\/2019\/07\/restaurant-04-testimonials-1.jpg","thumbnail-image-url":"https:\/\/websitedemos.net\/wp-content\/uploads\/2019\/07\/restaurant-04-testimonials-1.jpg","astra-page-api-url":"https:\/\/websitedemos.net\/restaurant-04\/wp-json\/wp\/v2\/pages\/38","dynamic-page":"no","astra-page-url":"\/\/websitedemos.net\/restaurant-04\/testimonials\/","astra-sites-tag":{"433":"testimonials"},"site-pages-type":"agency-mini","site-pages-page-builder":"elementor","site-pages-category":[],"site-pages-parent-category":{"60":"business"},"required-plugins":[{"slug":"elementor","init":"elementor\/elementor.php","name":"Elementor"},{"slug":"ultimate-elementor","init":"ultimate-elementor\/ultimate-elementor.php","name":"Ultimate Addons for Elementor"}]},"id-23047":{"title":"Contact","featured-image-url":"https:\/\/websitedemos.net\/wp-content\/uploads\/2019\/07\/restaurant-04-contact-1.jpg","thumbnail-image-url":"https:\/\/websitedemos.net\/wp-content\/uploads\/2019\/07\/restaurant-04-contact-1.jpg","astra-page-api-url":"https:\/\/websitedemos.net\/restaurant-04\/wp-json\/wp\/v2\/pages\/39","dynamic-page":"no","astra-page-url":"\/\/websitedemos.net\/restaurant-04\/contact\/","astra-sites-tag":{"415":"contact"},"site-pages-type":"agency-mini","site-pages-page-builder":"elementor","site-pages-category":[],"site-pages-parent-category":{"60":"business"},"required-plugins":[{"slug":"elementor","init":"elementor\/elementor.php","name":"Elementor"},{"slug":"ultimate-elementor","init":"ultimate-elementor\/ultimate-elementor.php","name":"Ultimate Addons for Elementor"},{"slug":"wpforms-lite","init":"wpforms-lite\/wpforms.php","name":"WPForms Lite"}]}}},"id-19058":{"title":"Deeplight Restaurant","id":19058,"publish-date":1536648815,"featured-image-url":"https:\/\/websitedemos.net\/wp-content\/uploads\/2019\/07\/restaurant-03-home-1.jpg","thumbnail-image-url":"https:\/\/websitedemos.net\/wp-content\/uploads\/2019\/07\/restaurant-03-home-1.jpg","fullpage-thumbnail-image-url":"https:\/\/websitedemos.net\/wp-content\/uploads\/2019\/07\/restaurant-03-home-1.jpg","astra-site-url":"\/\/websitedemos.net\/restaurant-03","astra-site-parent-id":114,"astra-sites-tag":{"562":"bistro","972":"club","560":"cuisine","561":"eatery","336":"food","350":"hotel","559":"outlet","335":"restaurant","970":"restro","971":"restro-bar"},"astra-sites-type":"agency-mini","astra-site-category":{"27":"business"},"astra-site-page-builder":"beaver-builder","categories":{"2496":"restaurant-food"},"required-plugins":[{"slug":"beaver-builder-lite-version","init":"beaver-builder-lite-version\/fl-builder.php","name":"Beaver Builder Plugin (Lite Version)"},{"slug":"bb-ultimate-addon","init":"bb-ultimate-addon\/bb-ultimate-addon.php","name":"Ultimate Addons for Beaver Builder"},{"slug":"wpforms-lite","init":"wpforms-lite\/wpforms.php","name":"WPForms Lite"}],"pages":{"id-23063":{"title":"Home","featured-image-url":"https:\/\/websitedemos.net\/wp-content\/uploads\/2019\/07\/restaurant-03-home-1.jpg","thumbnail-image-url":"https:\/\/websitedemos.net\/wp-content\/uploads\/2019\/07\/restaurant-03-home-1.jpg","astra-page-api-url":"https:\/\/websitedemos.net\/restaurant-03\/wp-json\/wp\/v2\/pages\/34","dynamic-page":"no","astra-page-url":"\/\/websitedemos.net\/restaurant-03\/","astra-sites-tag":{"423":"home"},"site-pages-type":"agency-mini","site-pages-page-builder":"beaver-builder","site-pages-category":[],"site-pages-parent-category":{"60":"business"},"required-plugins":[{"slug":"beaver-builder-lite-version","init":"beaver-builder-lite-version\/fl-builder.php","name":"Beaver Builder Plugin (Lite Version)"},{"slug":"bb-ultimate-addon","init":"bb-ultimate-addon\/bb-ultimate-addon.php","name":"Ultimate Addons for Beaver Builder"}]},"id-23064":{"title":"Menu","featured-image-url":"https:\/\/websitedemos.net\/wp-content\/uploads\/2019\/07\/restaurant-03-menu.jpg","thumbnail-image-url":"https:\/\/websitedemos.net\/wp-content\/uploads\/2019\/07\/restaurant-03-menu.jpg","astra-page-api-url":"https:\/\/websitedemos.net\/restaurant-03\/wp-json\/wp\/v2\/pages\/35","dynamic-page":"no","astra-page-url":"\/\/websitedemos.net\/restaurant-03\/menu\/","astra-sites-tag":{"565":"menu"},"site-pages-type":"agency-mini","site-pages-page-builder":"beaver-builder","site-pages-category":[],"site-pages-parent-category":{"60":"business"},"required-plugins":[{"slug":"beaver-builder-lite-version","init":"beaver-builder-lite-version\/fl-builder.php","name":"Beaver Builder Plugin (Lite Version)"},{"slug":"bb-ultimate-addon","init":"bb-ultimate-addon\/bb-ultimate-addon.php","name":"Ultimate Addons for Beaver Builder"}]},"id-23059":{"title":"About","featured-image-url":"https:\/\/websitedemos.net\/wp-content\/uploads\/2019\/07\/restaurant-03-about.jpg","thumbnail-image-url":"https:\/\/websitedemos.net\/wp-content\/uploads\/2019\/07\/restaurant-03-about.jpg","astra-page-api-url":"https:\/\/websitedemos.net\/restaurant-03\/wp-json\/wp\/v2\/pages\/36","dynamic-page":"no","astra-page-url":"\/\/websitedemos.net\/restaurant-03\/about\/","astra-sites-tag":{"352":"about"},"site-pages-type":"agency-mini","site-pages-page-builder":"beaver-builder","site-pages-category":[],"site-pages-parent-category":{"60":"business"},"required-plugins":[{"slug":"beaver-builder-lite-version","init":"beaver-builder-lite-version\/fl-builder.php","name":"Beaver Builder Plugin (Lite Version)"},{"slug":"bb-ultimate-addon","init":"bb-ultimate-addon\/bb-ultimate-addon.php","name":"Ultimate Addons for Beaver Builder"}]},"id-23062":{"title":"Gallery","featured-image-url":"https:\/\/websitedemos.net\/wp-content\/uploads\/2019\/07\/restaurant-03-gallery-1.jpg","thumbnail-image-url":"https:\/\/websitedemos.net\/wp-content\/uploads\/2019\/07\/restaurant-03-gallery-1.jpg","astra-page-api-url":"https:\/\/websitedemos.net\/restaurant-03\/wp-json\/wp\/v2\/pages\/37","dynamic-page":"no","astra-page-url":"\/\/websitedemos.net\/restaurant-03\/gallery\/","astra-sites-tag":{"461":"gallery"},"site-pages-type":"agency-mini","site-pages-page-builder":"beaver-builder","site-pages-category":[],"site-pages-parent-category":{"60":"business"},"required-plugins":[{"slug":"beaver-builder-lite-version","init":"beaver-builder-lite-version\/fl-builder.php","name":"Beaver Builder Plugin (Lite Version)"},{"slug":"bb-ultimate-addon","init":"bb-ultimate-addon\/bb-ultimate-addon.php","name":"Ultimate Addons for Beaver Builder"}]},"id-23065":{"title":"Testimonials","featured-image-url":"https:\/\/websitedemos.net\/wp-content\/uploads\/2019\/07\/restaurant-03-reviews.jpg","thumbnail-image-url":"https:\/\/websitedemos.net\/wp-content\/uploads\/2019\/07\/restaurant-03-reviews.jpg","astra-page-api-url":"https:\/\/websitedemos.net\/restaurant-03\/wp-json\/wp\/v2\/pages\/38","dynamic-page":"no","astra-page-url":"\/\/websitedemos.net\/restaurant-03\/testimonials\/","astra-sites-tag":{"433":"testimonials"},"site-pages-type":"agency-mini","site-pages-page-builder":"beaver-builder","site-pages-category":[],"site-pages-parent-category":{"60":"business"},"required-plugins":[{"slug":"beaver-builder-lite-version","init":"beaver-builder-lite-version\/fl-builder.php","name":"Beaver Builder Plugin (Lite Version)"},{"slug":"bb-ultimate-addon","init":"bb-ultimate-addon\/bb-ultimate-addon.php","name":"Ultimate Addons for Beaver Builder"}]},"id-23061":{"title":"Contact","featured-image-url":"https:\/\/websitedemos.net\/wp-content\/uploads\/2019\/07\/restaurant-03-contact-1.jpg","thumbnail-image-url":"https:\/\/websitedemos.net\/wp-content\/uploads\/2019\/07\/restaurant-03-contact-1.jpg","astra-page-api-url":"https:\/\/websitedemos.net\/restaurant-03\/wp-json\/wp\/v2\/pages\/39","dynamic-page":"no","astra-page-url":"\/\/websitedemos.net\/restaurant-03\/contact\/","astra-sites-tag":{"415":"contact"},"site-pages-type":"agency-mini","site-pages-page-builder":"beaver-builder","site-pages-category":[],"site-pages-parent-category":{"60":"business"},"required-plugins":[{"slug":"beaver-builder-lite-version","init":"beaver-builder-lite-version\/fl-builder.php","name":"Beaver Builder Plugin (Lite Version)"},{"slug":"bb-ultimate-addon","init":"bb-ultimate-addon\/bb-ultimate-addon.php","name":"Ultimate Addons for Beaver Builder"},{"slug":"wpforms-lite","init":"wpforms-lite\/wpforms.php","name":"WPForms Lite"}]}}},"id-21081":{"title":"Deeplight Restaurant","id":21081,"publish-date":1552457750,"featured-image-url":"https:\/\/websitedemos.net\/wp-content\/uploads\/2019\/07\/restaurant-06-home.jpg","thumbnail-image-url":"https:\/\/websitedemos.net\/wp-content\/uploads\/2019\/07\/restaurant-06-home.jpg","fullpage-thumbnail-image-url":"https:\/\/websitedemos.net\/wp-content\/uploads\/2019\/07\/restaurant-06-home.jpg","astra-site-url":"\/\/websitedemos.net\/restaurant-06","astra-site-parent-id":158,"astra-sites-tag":{"562":"bistro","972":"club","560":"cuisine","561":"eatery","336":"food","350":"hotel","559":"outlet","335":"restaurant","970":"restro","971":"restro-bar"},"astra-sites-type":"agency-mini","astra-site-category":{"27":"business"},"astra-site-page-builder":"brizy","categories":[],"required-plugins":[{"slug":"astra-addon","init":"astra-addon\/astra-addon.php","name":"Astra Pro"},{"slug":"brizy","init":"brizy\/brizy.php","name":"Brizy"}],"pages":{"id-23510":{"title":"Home","featured-image-url":"https:\/\/websitedemos.net\/wp-content\/uploads\/2019\/07\/restaurant-06-home.jpg","thumbnail-image-url":"https:\/\/websitedemos.net\/wp-content\/uploads\/2019\/07\/restaurant-06-home.jpg","astra-page-api-url":"https:\/\/websitedemos.net\/restaurant-06\/wp-json\/wp\/v2\/pages\/143","dynamic-page":"no","astra-page-url":"\/\/websitedemos.net\/restaurant-06\/","astra-sites-tag":{"423":"home"},"site-pages-type":"agency-mini","site-pages-page-builder":"brizy","site-pages-category":[],"site-pages-parent-category":{"60":"business"},"required-plugins":[{"slug":"brizy","init":"brizy\/brizy.php","name":"Brizy"}]},"id-23511":{"title":"Menu","featured-image-url":"https:\/\/websitedemos.net\/wp-content\/uploads\/2019\/07\/restaurant-menu.jpg","thumbnail-image-url":"https:\/\/websitedemos.net\/wp-content\/uploads\/2019\/07\/restaurant-menu.jpg","astra-page-api-url":"https:\/\/websitedemos.net\/restaurant-06\/wp-json\/wp\/v2\/pages\/190","dynamic-page":"no","astra-page-url":"\/\/websitedemos.net\/restaurant-06\/menu\/","astra-sites-tag":{"565":"menu"},"site-pages-type":"agency-mini","site-pages-page-builder":"brizy","site-pages-category":[],"site-pages-parent-category":{"60":"business"},"required-plugins":[{"slug":"brizy","init":"brizy\/brizy.php","name":"Brizy"}]},"id-23507":{"title":"About","featured-image-url":"https:\/\/websitedemos.net\/wp-content\/uploads\/2019\/07\/restaurant-about.jpg","thumbnail-image-url":"https:\/\/websitedemos.net\/wp-content\/uploads\/2019\/07\/restaurant-about.jpg","astra-page-api-url":"https:\/\/websitedemos.net\/restaurant-06\/wp-json\/wp\/v2\/pages\/201","dynamic-page":"no","astra-page-url":"\/\/websitedemos.net\/restaurant-06\/about\/","astra-sites-tag":{"352":"about"},"site-pages-type":"agency-mini","site-pages-page-builder":"brizy","site-pages-category":[],"site-pages-parent-category":{"60":"business"},"required-plugins":[{"slug":"brizy","init":"brizy\/brizy.php","name":"Brizy"}]},"id-23509":{"title":"Gallery","featured-image-url":"https:\/\/websitedemos.net\/wp-content\/uploads\/2019\/07\/restaurant-gallery.jpg","thumbnail-image-url":"https:\/\/websitedemos.net\/wp-content\/uploads\/2019\/07\/restaurant-gallery.jpg","astra-page-api-url":"https:\/\/websitedemos.net\/restaurant-06\/wp-json\/wp\/v2\/pages\/208","dynamic-page":"no","astra-page-url":"\/\/websitedemos.net\/restaurant-06\/gallery\/","astra-sites-tag":{"461":"gallery"},"site-pages-type":"agency-mini","site-pages-page-builder":"brizy","site-pages-category":[],"site-pages-parent-category":{"60":"business"},"required-plugins":[{"slug":"brizy","init":"brizy\/brizy.php","name":"Brizy"}]},"id-23512":{"title":"Testimonials","featured-image-url":"https:\/\/websitedemos.net\/wp-content\/uploads\/2019\/07\/restaurant-testimonials.jpg","thumbnail-image-url":"https:\/\/websitedemos.net\/wp-content\/uploads\/2019\/07\/restaurant-testimonials.jpg","astra-page-api-url":"https:\/\/websitedemos.net\/restaurant-06\/wp-json\/wp\/v2\/pages\/215","dynamic-page":"no","astra-page-url":"\/\/websitedemos.net\/restaurant-06\/testimonials\/","astra-sites-tag":{"433":"testimonials"},"site-pages-type":"agency-mini","site-pages-page-builder":"brizy","site-pages-category":[],"site-pages-parent-category":{"60":"business"},"required-plugins":[{"slug":"brizy","init":"brizy\/brizy.php","name":"Brizy"}]},"id-23508":{"title":"Contact","featured-image-url":"https:\/\/websitedemos.net\/wp-content\/uploads\/2019\/07\/restaurant-contact.jpg","thumbnail-image-url":"https:\/\/websitedemos.net\/wp-content\/uploads\/2019\/07\/restaurant-contact.jpg","astra-page-api-url":"https:\/\/websitedemos.net\/restaurant-06\/wp-json\/wp\/v2\/pages\/220","dynamic-page":"no","astra-page-url":"\/\/websitedemos.net\/restaurant-06\/contact\/","astra-sites-tag":{"415":"contact"},"site-pages-type":"agency-mini","site-pages-page-builder":"brizy","site-pages-category":[],"site-pages-parent-category":{"60":"business"},"required-plugins":[{"slug":"brizy","init":"brizy\/brizy.php","name":"Brizy"}]}}},"id-51452":{"title":"Theatre Artist","id":51452,"publish-date":1617304821,"featured-image-url":"https:\/\/websitedemos.net\/wp-content\/uploads\/2021\/03\/theatre-artist-02.jpg","thumbnail-image-url":"https:\/\/websitedemos.net\/wp-content\/uploads\/2021\/03\/theatre-artist-02.jpg","fullpage-thumbnail-image-url":"https:\/\/websitedemos.net\/wp-content\/uploads\/2021\/03\/theatre-artist-02.jpg","astra-site-url":"\/\/websitedemos.net\/theatre-artist-02","astra-site-parent-id":1904,"astra-sites-tag":{"1906":"actor","339":"artist","1572":"performer","444":"portfolio","1905":"theatre-artist"},"astra-sites-type":"free","astra-site-category":{"27":"business","39":"free"},"astra-site-page-builder":"elementor","categories":{"2488":"portfolio"},"required-plugins":[{"slug":"elementor","init":"elementor\/elementor.php","name":"Elementor"},{"slug":"wpforms-lite","init":"wpforms-lite\/wpforms.php","name":"WPForms Lite"}],"pages":{"id-51453":{"title":"Biography","featured-image-url":"https:\/\/websitedemos.net\/wp-content\/uploads\/2021\/03\/theatre-artist-02-biography.jpg","thumbnail-image-url":"https:\/\/websitedemos.net\/wp-content\/uploads\/2021\/03\/theatre-artist-02-biography.jpg","astra-page-api-url":"https:\/\/websitedemos.net\/theatre-artist-02\/wp-json\/wp\/v2\/pages\/394","dynamic-page":"no","astra-page-url":"\/\/websitedemos.net\/theatre-artist-02\/biography\/","astra-sites-tag":{"352":"about","1566":"biography"},"site-pages-type":"free","site-pages-page-builder":"elementor","site-pages-category":[],"site-pages-parent-category":{"60":"business","61":"free"},"required-plugins":[{"slug":"elementor","init":"elementor\/elementor.php","name":"Elementor"}]},"id-51454":{"title":"Contact","featured-image-url":"https:\/\/websitedemos.net\/wp-content\/uploads\/2021\/03\/theatre-artist-02-contact.jpg","thumbnail-image-url":"https:\/\/websitedemos.net\/wp-content\/uploads\/2021\/03\/theatre-artist-02-contact.jpg","astra-page-api-url":"https:\/\/websitedemos.net\/theatre-artist-02\/wp-json\/wp\/v2\/pages\/512","dynamic-page":"no","astra-page-url":"\/\/websitedemos.net\/theatre-artist-02\/contact\/","astra-sites-tag":{"415":"contact"},"site-pages-type":"free","site-pages-page-builder":"elementor","site-pages-category":[],"site-pages-parent-category":{"60":"business","61":"free"},"required-plugins":[{"slug":"elementor","init":"elementor\/elementor.php","name":"Elementor"},{"slug":"wpforms-lite","init":"wpforms-lite\/wpforms.php","name":"WPForms Lite"}]},"id-51455":{"title":"Home","featured-image-url":"https:\/\/websitedemos.net\/wp-content\/uploads\/2021\/03\/theatre-artist-02.jpg","thumbnail-image-url":"https:\/\/websitedemos.net\/wp-content\/uploads\/2021\/03\/theatre-artist-02.jpg","astra-page-api-url":"https:\/\/websitedemos.net\/theatre-artist-02\/wp-json\/wp\/v2\/pages\/19","dynamic-page":"no","astra-page-url":"\/\/websitedemos.net\/theatre-artist-02\/","astra-sites-tag":{"423":"home"},"site-pages-type":"free","site-pages-page-builder":"elementor","site-pages-category":[],"site-pages-parent-category":{"60":"business","61":"free"},"required-plugins":[{"slug":"elementor","init":"elementor\/elementor.php","name":"Elementor"}]},"id-51456":{"title":"Repertoire","featured-image-url":"https:\/\/websitedemos.net\/wp-content\/uploads\/2021\/03\/theatre-artist-02-repertoire.jpg","thumbnail-image-url":"https:\/\/websitedemos.net\/wp-content\/uploads\/2021\/03\/theatre-artist-02-repertoire.jpg","astra-page-api-url":"https:\/\/websitedemos.net\/theatre-artist-02\/wp-json\/wp\/v2\/pages\/447","dynamic-page":"no","astra-page-url":"\/\/websitedemos.net\/theatre-artist-02\/repertoire\/","astra-sites-tag":{"444":"portfolio","1907":"repertoire"},"site-pages-type":"free","site-pages-page-builder":"elementor","site-pages-category":[],"site-pages-parent-category":{"60":"business","61":"free"},"required-plugins":[{"slug":"elementor","init":"elementor\/elementor.php","name":"Elementor"}]}}},"id-47138":{"title":"Event Management Agency","id":47138,"publish-date":1597226669,"featured-image-url":"https:\/\/websitedemos.net\/wp-content\/uploads\/2020\/08\/event-management-02.jpg","thumbnail-image-url":"https:\/\/websitedemos.net\/wp-content\/uploads\/2020\/08\/event-management-02.jpg","fullpage-thumbnail-image-url":"https:\/\/websitedemos.net\/wp-content\/uploads\/2020\/08\/event-management-02.jpg","astra-site-url":"\/\/websitedemos.net\/event-management-04","astra-site-parent-id":1609,"astra-sites-tag":{"663":"agency","1611":"corporate-events","1612":"event-agency","1610":"event-management"},"astra-sites-type":"agency-mini","astra-site-category":{"27":"business"},"astra-site-page-builder":"elementor","categories":{"2483":"expert-services"},"required-plugins":[{"slug":"elementor","init":"elementor\/elementor.php","name":"Elementor"},{"slug":"wpforms-lite","init":"wpforms-lite\/wpforms.php","name":"WPForms Lite"}],"pages":{"id-47141":{"title":"Home","featured-image-url":"https:\/\/websitedemos.net\/wp-content\/uploads\/2020\/08\/event-management-02.jpg","thumbnail-image-url":"https:\/\/websitedemos.net\/wp-content\/uploads\/2020\/08\/event-management-02.jpg","astra-page-api-url":"https:\/\/websitedemos.net\/event-management-04\/wp-json\/wp\/v2\/pages\/19","dynamic-page":"no","astra-page-url":"\/\/websitedemos.net\/event-management-04\/","astra-sites-tag":{"423":"home","814":"homepage"},"site-pages-type":"agency-mini","site-pages-page-builder":"elementor","site-pages-category":[],"site-pages-parent-category":{"60":"business"},"required-plugins":[{"slug":"elementor","init":"elementor\/elementor.php","name":"Elementor"}]},"id-47143":{"title":"Works","featured-image-url":"https:\/\/websitedemos.net\/wp-content\/uploads\/2020\/08\/event-management-02-works.jpg","thumbnail-image-url":"https:\/\/websitedemos.net\/wp-content\/uploads\/2020\/08\/event-management-02-works.jpg","astra-page-api-url":"https:\/\/websitedemos.net\/event-management-04\/wp-json\/wp\/v2\/pages\/167","dynamic-page":"no","astra-page-url":"\/\/websitedemos.net\/event-management-04\/works\/","astra-sites-tag":{"444":"portfolio","1613":"projects","451":"work"},"site-pages-type":"agency-mini","site-pages-page-builder":"elementor","site-pages-category":[],"site-pages-parent-category":{"60":"business"},"required-plugins":[{"slug":"elementor","init":"elementor\/elementor.php","name":"Elementor"}]},"id-47142":{"title":"Services","featured-image-url":"https:\/\/websitedemos.net\/wp-content\/uploads\/2020\/08\/event-management-02-services.jpg","thumbnail-image-url":"https:\/\/websitedemos.net\/wp-content\/uploads\/2020\/08\/event-management-02-services.jpg","astra-page-api-url":"https:\/\/websitedemos.net\/event-management-04\/wp-json\/wp\/v2\/pages\/206","dynamic-page":"no","astra-page-url":"\/\/websitedemos.net\/event-management-04\/services\/","astra-sites-tag":{"1605":"our-services","425":"services"},"site-pages-type":"agency-mini","site-pages-page-builder":"elementor","site-pages-category":[],"site-pages-parent-category":{"60":"business"},"required-plugins":[{"slug":"elementor","init":"elementor\/elementor.php","name":"Elementor"}]},"id-47139":{"title":"About Us","featured-image-url":"https:\/\/websitedemos.net\/wp-content\/uploads\/2020\/08\/event-management-02-about-us.jpg","thumbnail-image-url":"https:\/\/websitedemos.net\/wp-content\/uploads\/2020\/08\/event-management-02-about-us.jpg","astra-page-api-url":"https:\/\/websitedemos.net\/event-management-04\/wp-json\/wp\/v2\/pages\/128","dynamic-page":"no","astra-page-url":"\/\/websitedemos.net\/event-management-04\/about-us\/","astra-sites-tag":{"352":"about","455":"about-us"},"site-pages-type":"agency-mini","site-pages-page-builder":"elementor","site-pages-category":[],"site-pages-parent-category":{"60":"business"},"required-plugins":[{"slug":"elementor","init":"elementor\/elementor.php","name":"Elementor"}]},"id-47140":{"title":"Contact Us","featured-image-url":"https:\/\/websitedemos.net\/wp-content\/uploads\/2020\/08\/event-management-02-contact-us.jpg","thumbnail-image-url":"https:\/\/websitedemos.net\/wp-content\/uploads\/2020\/08\/event-management-02-contact-us.jpg","astra-page-api-url":"https:\/\/websitedemos.net\/event-management-04\/wp-json\/wp\/v2\/pages\/224","dynamic-page":"no","astra-page-url":"\/\/websitedemos.net\/event-management-04\/contact-us\/","astra-sites-tag":{"415":"contact","454":"contact-us","896":"get-connected","377":"get-in-touch"},"site-pages-type":"agency-mini","site-pages-page-builder":"elementor","site-pages-category":[],"site-pages-parent-category":{"60":"business"},"required-plugins":[{"slug":"elementor","init":"elementor\/elementor.php","name":"Elementor"},{"slug":"wpforms-lite","init":"wpforms-lite\/wpforms.php","name":"WPForms Lite"}]}}},"id-47815":{"title":"Online Courses","id":47815,"publish-date":1602850916,"featured-image-url":"https:\/\/websitedemos.net\/wp-content\/uploads\/2020\/10\/online-courses-02-home.jpg","thumbnail-image-url":"https:\/\/websitedemos.net\/wp-content\/uploads\/2020\/10\/online-courses-02-home.jpg","fullpage-thumbnail-image-url":"https:\/\/websitedemos.net\/wp-content\/uploads\/2020\/10\/online-courses-02-home.jpg","astra-site-url":"\/\/websitedemos.net\/online-courses-02","astra-site-parent-id":1676,"astra-sites-tag":{"462":"courses","468":"elearning","467":"learndash","466":"online-courses","975":"online-learning"},"astra-sites-type":"free","astra-site-category":{"27":"business","39":"free"},"astra-site-page-builder":"elementor","categories":{"2494":"elearning"},"required-plugins":[{"slug":"elementor","init":"elementor\/elementor.php","name":"Elementor"},{"slug":"header-footer-elementor","init":"header-footer-elementor\/header-footer-elementor.php","name":"Elementor Header & Footer Builder"},{"slug":"sfwd-lms","init":"sfwd-lms\/sfwd_lms.php","name":"LearnDash LMS"},{"slug":"learndash-course-grid","init":"learndash-course-grid\/learndash_course_grid.php","name":"LearnDash LMS - Course Grid"},{"slug":"wpforms-lite","init":"wpforms-lite\/wpforms.php","name":"WPForms Lite"},{"slug":"presto-player","init":"presto-player\/presto-player.php","name":"Presto Player"}],"pages":{"id-47819":{"title":"Home","featured-image-url":"https:\/\/websitedemos.net\/wp-content\/uploads\/2020\/10\/online-courses-02-home.jpg","thumbnail-image-url":"https:\/\/websitedemos.net\/wp-content\/uploads\/2020\/10\/online-courses-02-home.jpg","astra-page-api-url":"https:\/\/websitedemos.net\/online-courses-02\/wp-json\/wp\/v2\/pages\/6","dynamic-page":"yes","astra-page-url":"\/\/websitedemos.net\/online-courses-02\/","astra-sites-tag":{"423":"home"},"site-pages-type":"free","site-pages-page-builder":"elementor","site-pages-category":[],"site-pages-parent-category":{"60":"business","61":"free"},"required-plugins":[{"slug":"elementor","init":"elementor\/elementor.php","name":"Elementor"}]},"id-47817":{"title":"All Courses","featured-image-url":"https:\/\/websitedemos.net\/wp-content\/uploads\/2020\/10\/online-courses-02-courses.jpg","thumbnail-image-url":"https:\/\/websitedemos.net\/wp-content\/uploads\/2020\/10\/online-courses-02-courses.jpg","astra-page-api-url":"https:\/\/websitedemos.net\/online-courses-02\/wp-json\/wp\/v2\/pages\/476","dynamic-page":"yes","astra-page-url":"\/\/websitedemos.net\/online-courses-02\/all-courses\/","astra-sites-tag":{"462":"courses"},"site-pages-type":"free","site-pages-page-builder":"elementor","site-pages-category":[],"site-pages-parent-category":{"60":"business","61":"free"},"required-plugins":[{"slug":"elementor","init":"elementor\/elementor.php","name":"Elementor"}]},"id-47816":{"title":"About Us","featured-image-url":"https:\/\/websitedemos.net\/wp-content\/uploads\/2020\/10\/online-courses-02-about.jpg","thumbnail-image-url":"https:\/\/websitedemos.net\/wp-content\/uploads\/2020\/10\/online-courses-02-about.jpg","astra-page-api-url":"https:\/\/websitedemos.net\/online-courses-02\/wp-json\/wp\/v2\/pages\/8","dynamic-page":"no","astra-page-url":"\/\/websitedemos.net\/online-courses-02\/about-us\/","astra-sites-tag":{"352":"about"},"site-pages-type":"free","site-pages-page-builder":"elementor","site-pages-category":[],"site-pages-parent-category":{"60":"business","61":"free"},"required-plugins":[{"slug":"elementor","init":"elementor\/elementor.php","name":"Elementor"}]},"id-47820":{"title":"Instructors","featured-image-url":"https:\/\/websitedemos.net\/wp-content\/uploads\/2020\/10\/online-courses-02-instructors-1.jpg","thumbnail-image-url":"https:\/\/websitedemos.net\/wp-content\/uploads\/2020\/10\/online-courses-02-instructors-1.jpg","astra-page-api-url":"https:\/\/websitedemos.net\/online-courses-02\/wp-json\/wp\/v2\/pages\/14","dynamic-page":"no","astra-page-url":"\/\/websitedemos.net\/online-courses-02\/instructors\/","astra-sites-tag":{"1677":"instructors"},"site-pages-type":"free","site-pages-page-builder":"elementor","site-pages-category":[],"site-pages-parent-category":{"60":"business","61":"free"},"required-plugins":[{"slug":"elementor","init":"elementor\/elementor.php","name":"Elementor"}]},"id-47821":{"title":"Pricing &amp; FAQ","featured-image-url":"https:\/\/websitedemos.net\/wp-content\/uploads\/2020\/10\/online-courses-02-pricing.jpg","thumbnail-image-url":"https:\/\/websitedemos.net\/wp-content\/uploads\/2020\/10\/online-courses-02-pricing.jpg","astra-page-api-url":"https:\/\/websitedemos.net\/online-courses-02\/wp-json\/wp\/v2\/pages\/16","dynamic-page":"no","astra-page-url":"\/\/websitedemos.net\/online-courses-02\/pricing-faq\/","astra-sites-tag":{"426":"faq","585":"pricing"},"site-pages-type":"free","site-pages-page-builder":"elementor","site-pages-category":[],"site-pages-parent-category":{"60":"business","61":"free"},"required-plugins":[{"slug":"elementor","init":"elementor\/elementor.php","name":"Elementor"}]},"id-47818":{"title":"Contact","featured-image-url":"https:\/\/websitedemos.net\/wp-content\/uploads\/2020\/10\/online-courses-02-contact-1.jpg","thumbnail-image-url":"https:\/\/websitedemos.net\/wp-content\/uploads\/2020\/10\/online-courses-02-contact-1.jpg","astra-page-api-url":"https:\/\/websitedemos.net\/online-courses-02\/wp-json\/wp\/v2\/pages\/12","dynamic-page":"no","astra-page-url":"\/\/websitedemos.net\/online-courses-02\/contact\/","astra-sites-tag":{"415":"contact"},"site-pages-type":"free","site-pages-page-builder":"elementor","site-pages-category":[],"site-pages-parent-category":{"60":"business","61":"free"},"required-plugins":[{"slug":"elementor","init":"elementor\/elementor.php","name":"Elementor"},{"slug":"wpforms-lite","init":"wpforms-lite\/wpforms.php","name":"WPForms Lite"}]}}},"id-48985":{"title":"Online Courses","id":48985,"publish-date":1606840880,"featured-image-url":"https:\/\/websitedemos.net\/wp-content\/uploads\/2020\/12\/online-courses-01-home.jpg","thumbnail-image-url":"https:\/\/websitedemos.net\/wp-content\/uploads\/2020\/12\/online-courses-01-home.jpg","fullpage-thumbnail-image-url":"https:\/\/websitedemos.net\/wp-content\/uploads\/2020\/12\/online-courses-01-home.jpg","astra-site-url":"\/\/websitedemos.net\/online-courses-01","astra-site-parent-id":1767,"astra-sites-tag":{"462":"courses","468":"elearning","467":"learndash","466":"online-courses","975":"online-learning"},"astra-sites-type":"free","astra-site-category":{"27":"business","39":"free"},"astra-site-page-builder":"beaver-builder","categories":{"2494":"elearning"},"required-plugins":[{"slug":"beaver-builder-lite-version","init":"beaver-builder-lite-version\/fl-builder.php","name":"Beaver Builder Plugin (Lite Version)"},{"slug":"ultimate-addons-for-beaver-builder-lite","init":"ultimate-addons-for-beaver-builder-lite\/bb-ultimate-addon.php","name":"Ultimate Addons for Beaver Builder - Lite"},{"slug":"sfwd-lms","init":"sfwd-lms\/sfwd_lms.php","name":"LearnDash LMS"},{"slug":"learndash-course-grid","init":"learndash-course-grid\/learndash_course_grid.php","name":"LearnDash LMS - Course Grid"},{"slug":"presto-player","init":"presto-player\/presto-player.php","name":"Presto Player"},{"slug":"wpforms-lite","init":"wpforms-lite\/wpforms.php","name":"WPForms Lite"}],"pages":{"id-48986":{"title":"About Us","featured-image-url":"https:\/\/websitedemos.net\/wp-content\/uploads\/2020\/12\/online-courses-01-about.jpg","thumbnail-image-url":"https:\/\/websitedemos.net\/wp-content\/uploads\/2020\/12\/online-courses-01-about.jpg","astra-page-api-url":"https:\/\/websitedemos.net\/online-courses-01\/wp-json\/wp\/v2\/pages\/738","dynamic-page":"no","astra-page-url":"\/\/websitedemos.net\/online-courses-01\/about-us\/","astra-sites-tag":{"352":"about"},"site-pages-type":"free","site-pages-page-builder":"beaver-builder","site-pages-category":[],"site-pages-parent-category":{"60":"business","61":"free"},"required-plugins":[{"slug":"beaver-builder-lite-version","init":"beaver-builder-lite-version\/fl-builder.php","name":"Beaver Builder Plugin (Lite Version)"},{"slug":"ultimate-addons-for-beaver-builder-lite","init":"ultimate-addons-for-beaver-builder-lite\/bb-ultimate-addon.php","name":"Ultimate Addons for Beaver Builder - Lite"}]},"id-48987":{"title":"All Courses","featured-image-url":"https:\/\/websitedemos.net\/wp-content\/uploads\/2020\/12\/online-courses-01-course.jpg","thumbnail-image-url":"https:\/\/websitedemos.net\/wp-content\/uploads\/2020\/12\/online-courses-01-course.jpg","astra-page-api-url":"https:\/\/websitedemos.net\/online-courses-01\/wp-json\/wp\/v2\/pages\/737","dynamic-page":"yes","astra-page-url":"\/\/websitedemos.net\/online-courses-01\/all-courses\/","astra-sites-tag":{"462":"courses"},"site-pages-type":"free","site-pages-page-builder":"beaver-builder","site-pages-category":[],"site-pages-parent-category":{"60":"business","61":"free"},"required-plugins":[{"slug":"beaver-builder-lite-version","init":"beaver-builder-lite-version\/fl-builder.php","name":"Beaver Builder Plugin (Lite Version)"},{"slug":"ultimate-addons-for-beaver-builder-lite","init":"ultimate-addons-for-beaver-builder-lite\/bb-ultimate-addon.php","name":"Ultimate Addons for Beaver Builder - Lite"}]},"id-48988":{"title":"Contact","featured-image-url":"https:\/\/websitedemos.net\/wp-content\/uploads\/2020\/12\/online-courses-01-contact.jpg","thumbnail-image-url":"https:\/\/websitedemos.net\/wp-content\/uploads\/2020\/12\/online-courses-01-contact.jpg","astra-page-api-url":"https:\/\/websitedemos.net\/online-courses-01\/wp-json\/wp\/v2\/pages\/741","dynamic-page":"no","astra-page-url":"\/\/websitedemos.net\/online-courses-01\/contact\/","astra-sites-tag":{"415":"contact"},"site-pages-type":"free","site-pages-page-builder":"beaver-builder","site-pages-category":[],"site-pages-parent-category":{"60":"business","61":"free"},"required-plugins":[{"slug":"beaver-builder-lite-version","init":"beaver-builder-lite-version\/fl-builder.php","name":"Beaver Builder Plugin (Lite Version)"},{"slug":"ultimate-addons-for-beaver-builder-lite","init":"ultimate-addons-for-beaver-builder-lite\/bb-ultimate-addon.php","name":"Ultimate Addons for Beaver Builder - Lite"},{"slug":"wpforms-lite","init":"wpforms-lite\/wpforms.php","name":"WPForms Lite"}]},"id-48989":{"title":"Home","featured-image-url":"https:\/\/websitedemos.net\/wp-content\/uploads\/2020\/12\/online-courses-01-home.jpg","thumbnail-image-url":"https:\/\/websitedemos.net\/wp-content\/uploads\/2020\/12\/online-courses-01-home.jpg","astra-page-api-url":"https:\/\/websitedemos.net\/online-courses-01\/wp-json\/wp\/v2\/pages\/736","dynamic-page":"yes","astra-page-url":"\/\/websitedemos.net\/online-courses-01\/","astra-sites-tag":{"423":"home"},"site-pages-type":"free","site-pages-page-builder":"beaver-builder","site-pages-category":[],"site-pages-parent-category":{"60":"business","61":"free"},"required-plugins":[{"slug":"beaver-builder-lite-version","init":"beaver-builder-lite-version\/fl-builder.php","name":"Beaver Builder Plugin (Lite Version)"},{"slug":"ultimate-addons-for-beaver-builder-lite","init":"ultimate-addons-for-beaver-builder-lite\/bb-ultimate-addon.php","name":"Ultimate Addons for Beaver Builder - Lite"}]},"id-48990":{"title":"Instructors","featured-image-url":"https:\/\/websitedemos.net\/wp-content\/uploads\/2020\/12\/online-courses-01-instructors.jpg","thumbnail-image-url":"https:\/\/websitedemos.net\/wp-content\/uploads\/2020\/12\/online-courses-01-instructors.jpg","astra-page-api-url":"https:\/\/websitedemos.net\/online-courses-01\/wp-json\/wp\/v2\/pages\/739","dynamic-page":"no","astra-page-url":"\/\/websitedemos.net\/online-courses-01\/instructors\/","astra-sites-tag":{"1677":"instructors"},"site-pages-type":"free","site-pages-page-builder":"beaver-builder","site-pages-category":[],"site-pages-parent-category":{"60":"business","61":"free"},"required-plugins":[{"slug":"beaver-builder-lite-version","init":"beaver-builder-lite-version\/fl-builder.php","name":"Beaver Builder Plugin (Lite Version)"},{"slug":"ultimate-addons-for-beaver-builder-lite","init":"ultimate-addons-for-beaver-builder-lite\/bb-ultimate-addon.php","name":"Ultimate Addons for Beaver Builder - Lite"}]},"id-48991":{"title":"Pricing &#038; FAQ","featured-image-url":"https:\/\/websitedemos.net\/wp-content\/uploads\/2020\/12\/online-courses-01-pricing.jpg","thumbnail-image-url":"https:\/\/websitedemos.net\/wp-content\/uploads\/2020\/12\/online-courses-01-pricing.jpg","astra-page-api-url":"https:\/\/websitedemos.net\/online-courses-01\/wp-json\/wp\/v2\/pages\/740","dynamic-page":"no","astra-page-url":"\/\/websitedemos.net\/online-courses-01\/pricing-faq\/","astra-sites-tag":{"585":"pricing"},"site-pages-type":"free","site-pages-page-builder":"beaver-builder","site-pages-category":[],"site-pages-parent-category":{"60":"business","61":"free"},"required-plugins":[{"slug":"beaver-builder-lite-version","init":"beaver-builder-lite-version\/fl-builder.php","name":"Beaver Builder Plugin (Lite Version)"},{"slug":"ultimate-addons-for-beaver-builder-lite","init":"ultimate-addons-for-beaver-builder-lite\/bb-ultimate-addon.php","name":"Ultimate Addons for Beaver Builder - Lite"}]}}},"id-51405":{"title":"Child Care Blog","id":51405,"publish-date":1617130819,"featured-image-url":"https:\/\/websitedemos.net\/wp-content\/uploads\/2021\/03\/childcare-blog-02-home.jpg","thumbnail-image-url":"https:\/\/websitedemos.net\/wp-content\/uploads\/2021\/03\/childcare-blog-02-home.jpg","fullpage-thumbnail-image-url":"https:\/\/websitedemos.net\/wp-content\/uploads\/2021\/03\/childcare-blog-02-home.jpg","astra-site-url":"\/\/websitedemos.net\/childcare-blog-02","astra-site-parent-id":1882,"astra-sites-tag":{"480":"blog","1652":"blogger","1897":"child-care-blog","1896":"child-care-expert","1547":"influencer"},"astra-sites-type":"free","astra-site-category":{"37":"blog","39":"free"},"astra-site-page-builder":"elementor","categories":{"2497":"blog"},"required-plugins":[{"slug":"elementor","init":"elementor\/elementor.php","name":"Elementor"},{"slug":"header-footer-elementor","init":"header-footer-elementor\/header-footer-elementor.php","name":"Elementor - Header, Footer & Blocks"},{"slug":"wpforms-lite","init":"wpforms-lite\/wpforms.php","name":"WPForms Lite"}],"pages":{"id-51406":{"title":"Contact","featured-image-url":"https:\/\/websitedemos.net\/wp-content\/uploads\/2021\/03\/childcare-blog-02-contact.jpg","thumbnail-image-url":"https:\/\/websitedemos.net\/wp-content\/uploads\/2021\/03\/childcare-blog-02-contact.jpg","astra-page-api-url":"https:\/\/websitedemos.net\/childcare-blog-02\/wp-json\/wp\/v2\/pages\/468","dynamic-page":"no","astra-page-url":"\/\/websitedemos.net\/childcare-blog-02\/contact\/","astra-sites-tag":{"415":"contact"},"site-pages-type":"free","site-pages-page-builder":"elementor","site-pages-category":[],"site-pages-parent-category":{"74":"blog","61":"free"},"required-plugins":[{"slug":"elementor","init":"elementor\/elementor.php","name":"Elementor"},{"slug":"wpforms-lite","init":"wpforms-lite\/wpforms.php","name":"WPForms Lite"}]},"id-51407":{"title":"Home","featured-image-url":"https:\/\/websitedemos.net\/wp-content\/uploads\/2021\/03\/childcare-blog-02-home.jpg","thumbnail-image-url":"https:\/\/websitedemos.net\/wp-content\/uploads\/2021\/03\/childcare-blog-02-home.jpg","astra-page-api-url":"https:\/\/websitedemos.net\/childcare-blog-02\/wp-json\/wp\/v2\/pages\/17","dynamic-page":"no","astra-page-url":"\/\/websitedemos.net\/childcare-blog-02\/","astra-sites-tag":{"423":"home"},"site-pages-type":"free","site-pages-page-builder":"elementor","site-pages-category":[],"site-pages-parent-category":{"74":"blog","61":"free"},"required-plugins":[{"slug":"elementor","init":"elementor\/elementor.php","name":"Elementor"}]}}}}